ifx (IFX) 2025.2.1 20250806
Copyright (C) 1985-2025 Intel Corporation. All rights reserved.
LLVM (http://llvm.org/):
  LLVM version 21.1.1
  Optimized build.
-- The C compiler identification is Clang 21.1.1
-- The CXX compiler identification is Clang 21.1.1
-- Detecting C compiler ABI info
-- Detecting C compiler ABI info - done
-- Check for working C compiler: /home/jf01/dev/spack/opt/spack/linux-skylake/llvm-21.1.1-lddocxymon2rxfymqww7sdoupeseyudk/bin/clang - skipped
-- Detecting C compile features
-- Detecting C compile features - done
-- Detecting CXX compiler ABI info
-- Detecting CXX compiler ABI info - done
-- Check for working CXX compiler: /home/jf01/dev/spack/opt/spack/linux-skylake/llvm-21.1.1-lddocxymon2rxfymqww7sdoupeseyudk/bin/clang++ - skipped
-- Detecting CXX compile features
-- Detecting CXX compile features - done
LLVM_SHLIBEXT=.so
LLVM ABS DIR /home/jf01/dev/spack/opt/spack/linux-skylake/llvm-21.1.1-lddocxymon2rxfymqww7sdoupeseyudk/lib/cmake/llvm
CMAKE_PREFIX_PATH 
-- Looking for histedit.h
-- Looking for histedit.h - found
-- Found LibEdit: /home/jf01/dev/spack/opt/spack/linux-skylake/libedit-3.1-20240808-3gxpzfkc4ye25ai2szrpbkcsykcqnpdh/include (found version "2.11") 
-- Found ZLIB: /home/jf01/dev/spack/opt/spack/linux-skylake/zlib-ng-2.2.4-tkyyjk247idlzgrbzyjmxvykbfvbqxy6/lib/libz.so (found version "1.3.1")  
found llvm lit /home/jf01/miniconda3/bin/lit
LLVM dir /home/jf01/dev/spack/opt/spack/linux-skylake/llvm-21.1.1-lddocxymon2rxfymqww7sdoupeseyudk/lib/cmake/llvm
clang dir from llvm /home/jf01/dev/spack/opt/spack/linux-skylake/llvm-21.1.1-lddocxymon2rxfymqww7sdoupeseyudk/lib/cmake/llvm/../clang
-- Linker detection: GNU ld
clang dir /home/jf01/dev/spack/opt/spack/linux-skylake/llvm-21.1.1-lddocxymon2rxfymqww7sdoupeseyudk/lib/cmake/llvm/../clang
mlir dir 
clang inc dir /home/jf01/dev/spack/opt/spack/linux-skylake/llvm-21.1.1-lddocxymon2rxfymqww7sdoupeseyudk/include
found Clang 1
found MLIR 0
LLVM_INSTALL_PREFIX: /home/jf01/dev/spack/opt/spack/linux-skylake/llvm-21.1.1-lddocxymon2rxfymqww7sdoupeseyudk
LLVM_INCLUDE_DIRS: /home/jf01/dev/spack/opt/spack/linux-skylake/llvm-21.1.1-lddocxymon2rxfymqww7sdoupeseyudk/include
found LLVM definitions -D_GNU_SOURCE -DEXPERIMENTAL_KEY_INSTRUCTIONS -D__STDC_CONSTANT_MACROS -D__STDC_FORMAT_MACROS -D__STDC_LIMIT_MACROS
found LLVM version 21
first llvm include directory/home/jf01/dev/spack/opt/spack/linux-skylake/llvm-21.1.1-lddocxymon2rxfymqww7sdoupeseyudk/include
-- Looking for mpfr.h
-- Looking for mpfr.h - found
MPFR lib: /usr/lib/x86_64-linux-gnu/libmpfr.so
MPFR header: 1
-- Performing Test LLVM_LINKER_SUPPORTS_B_SYMBOLIC_FUNCTIONS
-- Performing Test LLVM_LINKER_SUPPORTS_B_SYMBOLIC_FUNCTIONS - Success
Building Fortran bindings
-- The Fortran compiler identification is IntelLLVM 2025.2.1
-- Detecting Fortran compiler ABI info
-- Detecting Fortran compiler ABI info - done
-- Check for working Fortran compiler: /home/jf01/dev/spack/opt/spack/linux-skylake/intel-oneapi-compilers-2025.2.1-w5k3igtjngpu7xxwvpyvbs4zna77kwfj/compiler/2025.2/bin/ifx - skipped
-- Detecting Fortran/C Interface
-- Detecting Fortran/C Interface - Found GLOBAL and MODULE mangling
-- Verifying Fortran/C Compiler Compatibility
-- Verifying Fortran/C Compiler Compatibility - Failed
Building Fortran tests
-- Configuring done (2.0s)
-- Generating done (0.0s)
-- Build files have been written to: /home/jf01/dev/Enzyme/build
[0/2] Re-checking globbed directories...
[1/39] Building CXX object tools/enzyme-tblgen/CMakeFiles/enzyme-tblgen.dir/caching.cpp.o
[2/39] Building CXX object tools/enzyme-tblgen/CMakeFiles/enzyme-tblgen.dir/datastructures.cpp.o
[3/39] Building CXX object tools/enzyme-tblgen/CMakeFiles/enzyme-tblgen.dir/blas-tblgen.cpp.o
[4/39] Building CXX object tools/enzyme-tblgen/CMakeFiles/enzyme-tblgen.dir/enzyme-tblgen.cpp.o
/home/jf01/dev/Enzyme/enzyme/tools/enzyme-tblgen/enzyme-tblgen.cpp:385:21: warning: 'getValues' is deprecated: Use getElements instead [-Wdeprecated-declarations]
  385 |       if (indicesP->getValues().size() == 1 &&
      |                     ^~~~~~~~~
      |                     getElements
/home/jf01/dev/spack/opt/spack/linux-skylake/llvm-21.1.1-lddocxymon2rxfymqww7sdoupeseyudk/include/llvm/TableGen/Record.h:776:3: note: 'getValues' has been explicitly marked deprecated here
  776 |   LLVM_DEPRECATED("Use getElements instead", "getElements")
      |   ^
/home/jf01/dev/spack/opt/spack/linux-skylake/llvm-21.1.1-lddocxymon2rxfymqww7sdoupeseyudk/include/llvm/Support/Compiler.h:250:50: note: expanded from macro 'LLVM_DEPRECATED'
  250 | #define LLVM_DEPRECATED(MSG, FIX) __attribute__((deprecated(MSG, FIX)))
      |                                                  ^
/home/jf01/dev/Enzyme/enzyme/tools/enzyme-tblgen/enzyme-tblgen.cpp:386:35: warning: 'getValues' is deprecated: Use getElements instead [-Wdeprecated-declarations]
  386 |           cast<IntInit>(indicesP->getValues()[0])->getValue() == -1) {
      |                                   ^~~~~~~~~
      |                                   getElements
/home/jf01/dev/spack/opt/spack/linux-skylake/llvm-21.1.1-lddocxymon2rxfymqww7sdoupeseyudk/include/llvm/TableGen/Record.h:776:3: note: 'getValues' has been explicitly marked deprecated here
  776 |   LLVM_DEPRECATED("Use getElements instead", "getElements")
      |   ^
/home/jf01/dev/spack/opt/spack/linux-skylake/llvm-21.1.1-lddocxymon2rxfymqww7sdoupeseyudk/include/llvm/Support/Compiler.h:250:50: note: expanded from macro 'LLVM_DEPRECATED'
  250 | #define LLVM_DEPRECATED(MSG, FIX) __attribute__((deprecated(MSG, FIX)))
      |                                                  ^
/home/jf01/dev/Enzyme/enzyme/tools/enzyme-tblgen/enzyme-tblgen.cpp:389:35: warning: 'getValues' is deprecated: Use getElements instead [-Wdeprecated-declarations]
  389 |         for (auto res : indicesP->getValues()) {
      |                                   ^~~~~~~~~
      |                                   getElements
/home/jf01/dev/spack/opt/spack/linux-skylake/llvm-21.1.1-lddocxymon2rxfymqww7sdoupeseyudk/include/llvm/TableGen/Record.h:776:3: note: 'getValues' has been explicitly marked deprecated here
  776 |   LLVM_DEPRECATED("Use getElements instead", "getElements")
      |   ^
/home/jf01/dev/spack/opt/spack/linux-skylake/llvm-21.1.1-lddocxymon2rxfymqww7sdoupeseyudk/include/llvm/Support/Compiler.h:250:50: note: expanded from macro 'LLVM_DEPRECATED'
  250 | #define LLVM_DEPRECATED(MSG, FIX) __attribute__((deprecated(MSG, FIX)))
      |                                                  ^
/home/jf01/dev/Enzyme/enzyme/tools/enzyme-tblgen/enzyme-tblgen.cpp:2050:48: warning: 'getValues' is deprecated: Use getElements instead [-Wdeprecated-declarations]
 2050 |         StringRef name = cast<StringInit>(lst->getValues()[0])->getValue();
      |                                                ^~~~~~~~~
      |                                                getElements
/home/jf01/dev/spack/opt/spack/linux-skylake/llvm-21.1.1-lddocxymon2rxfymqww7sdoupeseyudk/include/llvm/TableGen/Record.h:776:3: note: 'getValues' has been explicitly marked deprecated here
  776 |   LLVM_DEPRECATED("Use getElements instead", "getElements")
      |   ^
/home/jf01/dev/spack/opt/spack/linux-skylake/llvm-21.1.1-lddocxymon2rxfymqww7sdoupeseyudk/include/llvm/Support/Compiler.h:250:50: note: expanded from macro 'LLVM_DEPRECATED'
  250 | #define LLVM_DEPRECATED(MSG, FIX) __attribute__((deprecated(MSG, FIX)))
      |                                                  ^
/home/jf01/dev/Enzyme/enzyme/tools/enzyme-tblgen/enzyme-tblgen.cpp:2052:44: warning: 'getValues' is deprecated: Use getElements instead [-Wdeprecated-declarations]
 2052 |           auto min = cast<StringInit>(lst->getValues()[1])->getValue();
      |                                            ^~~~~~~~~
      |                                            getElements
/home/jf01/dev/spack/opt/spack/linux-skylake/llvm-21.1.1-lddocxymon2rxfymqww7sdoupeseyudk/include/llvm/TableGen/Record.h:776:3: note: 'getValues' has been explicitly marked deprecated here
  776 |   LLVM_DEPRECATED("Use getElements instead", "getElements")
      |   ^
/home/jf01/dev/spack/opt/spack/linux-skylake/llvm-21.1.1-lddocxymon2rxfymqww7sdoupeseyudk/include/llvm/Support/Compiler.h:250:50: note: expanded from macro 'LLVM_DEPRECATED'
  250 | #define LLVM_DEPRECATED(MSG, FIX) __attribute__((deprecated(MSG, FIX)))
      |                                                  ^
/home/jf01/dev/Enzyme/enzyme/tools/enzyme-tblgen/enzyme-tblgen.cpp:2058:46: warning: 'getValues' is deprecated: Use getElements instead [-Wdeprecated-declarations]
 2058 |             auto max = cast<StringInit>(lst->getValues()[2])->getValue();
      |                                              ^~~~~~~~~
      |                                              getElements
/home/jf01/dev/spack/opt/spack/linux-skylake/llvm-21.1.1-lddocxymon2rxfymqww7sdoupeseyudk/include/llvm/TableGen/Record.h:776:3: note: 'getValues' has been explicitly marked deprecated here
  776 |   LLVM_DEPRECATED("Use getElements instead", "getElements")
      |   ^
/home/jf01/dev/spack/opt/spack/linux-skylake/llvm-21.1.1-lddocxymon2rxfymqww7sdoupeseyudk/include/llvm/Support/Compiler.h:250:50: note: expanded from macro 'LLVM_DEPRECATED'
  250 | #define LLVM_DEPRECATED(MSG, FIX) __attribute__((deprecated(MSG, FIX)))
      |                                                  ^
/home/jf01/dev/Enzyme/enzyme/tools/enzyme-tblgen/enzyme-tblgen.cpp:2942:48: warning: 'getValues' is deprecated: Use getElements instead [-Wdeprecated-declarations]
 2942 |         StringRef name = cast<StringInit>(lst->getValues()[0])->getValue();
      |                                                ^~~~~~~~~
      |                                                getElements
/home/jf01/dev/spack/opt/spack/linux-skylake/llvm-21.1.1-lddocxymon2rxfymqww7sdoupeseyudk/include/llvm/TableGen/Record.h:776:3: note: 'getValues' has been explicitly marked deprecated here
  776 |   LLVM_DEPRECATED("Use getElements instead", "getElements")
      |   ^
/home/jf01/dev/spack/opt/spack/linux-skylake/llvm-21.1.1-lddocxymon2rxfymqww7sdoupeseyudk/include/llvm/Support/Compiler.h:250:50: note: expanded from macro 'LLVM_DEPRECATED'
  250 | #define LLVM_DEPRECATED(MSG, FIX) __attribute__((deprecated(MSG, FIX)))
      |                                                  ^
/home/jf01/dev/Enzyme/enzyme/tools/enzyme-tblgen/enzyme-tblgen.cpp:2944:44: warning: 'getValues' is deprecated: Use getElements instead [-Wdeprecated-declarations]
 2944 |           auto min = cast<StringInit>(lst->getValues()[1])->getValue();
      |                                            ^~~~~~~~~
      |                                            getElements
/home/jf01/dev/spack/opt/spack/linux-skylake/llvm-21.1.1-lddocxymon2rxfymqww7sdoupeseyudk/include/llvm/TableGen/Record.h:776:3: note: 'getValues' has been explicitly marked deprecated here
  776 |   LLVM_DEPRECATED("Use getElements instead", "getElements")
      |   ^
/home/jf01/dev/spack/opt/spack/linux-skylake/llvm-21.1.1-lddocxymon2rxfymqww7sdoupeseyudk/include/llvm/Support/Compiler.h:250:50: note: expanded from macro 'LLVM_DEPRECATED'
  250 | #define LLVM_DEPRECATED(MSG, FIX) __attribute__((deprecated(MSG, FIX)))
      |                                                  ^
/home/jf01/dev/Enzyme/enzyme/tools/enzyme-tblgen/enzyme-tblgen.cpp:2953:46: warning: 'getValues' is deprecated: Use getElements instead [-Wdeprecated-declarations]
 2953 |             auto max = cast<StringInit>(lst->getValues()[2])->getValue();
      |                                              ^~~~~~~~~
      |                                              getElements
/home/jf01/dev/spack/opt/spack/linux-skylake/llvm-21.1.1-lddocxymon2rxfymqww7sdoupeseyudk/include/llvm/TableGen/Record.h:776:3: note: 'getValues' has been explicitly marked deprecated here
  776 |   LLVM_DEPRECATED("Use getElements instead", "getElements")
      |   ^
/home/jf01/dev/spack/opt/spack/linux-skylake/llvm-21.1.1-lddocxymon2rxfymqww7sdoupeseyudk/include/llvm/Support/Compiler.h:250:50: note: expanded from macro 'LLVM_DEPRECATED'
  250 | #define LLVM_DEPRECATED(MSG, FIX) __attribute__((deprecated(MSG, FIX)))
      |                                                  ^
9 warnings generated.
[5/39] Linking CXX executable tools/enzyme-tblgen/enzyme-tblgen
[6/39] Building InstructionDerivatives.inc...
[7/39] Building BlasTA.inc...
[8/39] Building BinopDerivatives.inc...
[9/39] Building BlasDiffUse.inc...
[10/39] Building IntrinsicDerivatives.inc...
[11/39] Building BlasAttributor.inc...
[12/39] Building BlasDerivatives.inc...
[13/39] Building CallDerivatives.inc...
[14/39] Building CXX object Enzyme/CMakeFiles/LLVMEnzyme-21.dir/TypeAnalysis/TypeTree.cpp.o
In file included from /home/jf01/dev/Enzyme/enzyme/Enzyme/TypeAnalysis/TypeTree.cpp:36:
In file included from /home/jf01/dev/Enzyme/enzyme/Enzyme/TypeAnalysis/TypeTree.h:41:
/home/jf01/dev/Enzyme/enzyme/Enzyme/TypeAnalysis/../Utils.h:2528:13: warning: 'static' function 'anyJuliaObjects' declared in header file should be declared 'static inline' [-Wunneeded-internal-declaration]
 2528 | static bool anyJuliaObjects(llvm::Type *T) {
      |             ^~~~~~~~~~~~~~~
/home/jf01/dev/Enzyme/enzyme/Enzyme/TypeAnalysis/../Utils.h:2556:13: warning: unused function 'hasTerminator' [-Wunused-function]
 2556 | static bool hasTerminator(llvm::BasicBlock *BB) {
      |             ^~~~~~~~~~~~~
2 warnings generated.
[15/39] Building CXX object Enzyme/CMakeFiles/LLVMEnzyme-21.dir/TraceInterface.cpp.o
/home/jf01/dev/Enzyme/enzyme/Enzyme/TraceInterface.cpp:371:27: warning: 'get' is deprecated: PointerType::get with pointee type is pending removal. Use Context overload. [-Wdeprecated-declarations]
  371 |   auto pty = PointerType::get(FTy, load->getPointerAddressSpace());
      |                           ^
/home/jf01/dev/spack/opt/spack/linux-skylake/llvm-21.1.1-lddocxymon2rxfymqww7sdoupeseyudk/include/llvm/IR/DerivedTypes.h:709:5: note: 'get' has been explicitly marked deprecated here
  709 |   [[deprecated("PointerType::get with pointee type is pending removal. Use "
      |     ^
In file included from /home/jf01/dev/Enzyme/enzyme/Enzyme/TraceInterface.cpp:29:
/home/jf01/dev/Enzyme/enzyme/Enzyme/Utils.h:2528:13: warning: 'static' function 'anyJuliaObjects' declared in header file should be declared 'static inline' [-Wunneeded-internal-declaration]
 2528 | static bool anyJuliaObjects(llvm::Type *T) {
      |             ^~~~~~~~~~~~~~~
/home/jf01/dev/Enzyme/enzyme/Enzyme/Utils.h:2556:13: warning: unused function 'hasTerminator' [-Wunused-function]
 2556 | static bool hasTerminator(llvm::BasicBlock *BB) {
      |             ^~~~~~~~~~~~~
3 warnings generated.
[16/39] Building CXX object Enzyme/CMakeFiles/LLVMEnzyme-21.dir/TraceGenerator.cpp.o
In file included from /home/jf01/dev/Enzyme/enzyme/Enzyme/TraceGenerator.cpp:26:
In file included from /home/jf01/dev/Enzyme/enzyme/Enzyme/TraceGenerator.h:32:
In file included from /home/jf01/dev/Enzyme/enzyme/Enzyme/EnzymeLogic.h:47:
In file included from /home/jf01/dev/Enzyme/enzyme/Enzyme/ActivityAnalysis.h:49:
In file included from /home/jf01/dev/Enzyme/enzyme/Enzyme/TypeAnalysis/TypeAnalysis.h:56:
/home/jf01/dev/Enzyme/enzyme/Enzyme/TypeAnalysis/../Utils.h:2528:13: warning: 'static' function 'anyJuliaObjects' declared in header file should be declared 'static inline' [-Wunneeded-internal-declaration]
 2528 | static bool anyJuliaObjects(llvm::Type *T) {
      |             ^~~~~~~~~~~~~~~
/home/jf01/dev/Enzyme/enzyme/Enzyme/TypeAnalysis/../Utils.h:2556:13: warning: unused function 'hasTerminator' [-Wunused-function]
 2556 | static bool hasTerminator(llvm::BasicBlock *BB) {
      |             ^~~~~~~~~~~~~
2 warnings generated.
[17/39] Building CXX object Enzyme/CMakeFiles/LLVMEnzyme-21.dir/TraceUtils.cpp.o
In file included from /home/jf01/dev/Enzyme/enzyme/Enzyme/TraceUtils.cpp:27:
In file included from /home/jf01/dev/Enzyme/enzyme/Enzyme/TraceUtils.h:41:
/home/jf01/dev/Enzyme/enzyme/Enzyme/Utils.h:2528:13: warning: 'static' function 'anyJuliaObjects' declared in header file should be declared 'static inline' [-Wunneeded-internal-declaration]
 2528 | static bool anyJuliaObjects(llvm::Type *T) {
      |             ^~~~~~~~~~~~~~~
/home/jf01/dev/Enzyme/enzyme/Enzyme/Utils.h:2556:13: warning: unused function 'hasTerminator' [-Wunused-function]
 2556 | static bool hasTerminator(llvm::BasicBlock *BB) {
      |             ^~~~~~~~~~~~~
2 warnings generated.
[18/39] Building CXX object Enzyme/CMakeFiles/LLVMEnzyme-21.dir/JLInstSimplify.cpp.o
In file included from /home/jf01/dev/Enzyme/enzyme/Enzyme/JLInstSimplify.cpp:53:
In file included from /home/jf01/dev/Enzyme/enzyme/Enzyme/LibraryFuncs.h:33:
/home/jf01/dev/Enzyme/enzyme/Enzyme/Utils.h:2528:13: warning: 'static' function 'anyJuliaObjects' declared in header file should be declared 'static inline' [-Wunneeded-internal-declaration]
 2528 | static bool anyJuliaObjects(llvm::Type *T) {
      |             ^~~~~~~~~~~~~~~
/home/jf01/dev/Enzyme/enzyme/Enzyme/Utils.h:2556:13: warning: unused function 'hasTerminator' [-Wunused-function]
 2556 | static bool hasTerminator(llvm::BasicBlock *BB) {
      |             ^~~~~~~~~~~~~
2 warnings generated.
[19/39] Building CXX object Enzyme/CMakeFiles/LLVMEnzyme-21.dir/PreserveNVVM.cpp.o
In file included from /home/jf01/dev/Enzyme/enzyme/Enzyme/PreserveNVVM.cpp:49:
/home/jf01/dev/Enzyme/enzyme/Enzyme/Utils.h:2528:13: warning: 'static' function 'anyJuliaObjects' declared in header file should be declared 'static inline' [-Wunneeded-internal-declaration]
 2528 | static bool anyJuliaObjects(llvm::Type *T) {
      |             ^~~~~~~~~~~~~~~
/home/jf01/dev/Enzyme/enzyme/Enzyme/Utils.h:2556:13: warning: unused function 'hasTerminator' [-Wunused-function]
 2556 | static bool hasTerminator(llvm::BasicBlock *BB) {
      |             ^~~~~~~~~~~~~
2 warnings generated.
[20/39] Building CXX object Enzyme/CMakeFiles/LLVMEnzyme-21.dir/SimpleGVN.cpp.o
/home/jf01/dev/Enzyme/enzyme/Enzyme/SimpleGVN.cpp:127:42: warning: 'get' is deprecated: PointerType::get with pointee type is pending removal. Use Context overload. [-Wdeprecated-declarations]
  127 |         Type *T_prjlvalue = PointerType::get(T_jlvalue, 11); // Derived is 11
      |                                          ^
/home/jf01/dev/spack/opt/spack/linux-skylake/llvm-21.1.1-lddocxymon2rxfymqww7sdoupeseyudk/include/llvm/IR/DerivedTypes.h:709:5: note: 'get' has been explicitly marked deprecated here
  709 |   [[deprecated("PointerType::get with pointee type is pending removal. Use "
      |     ^
/home/jf01/dev/Enzyme/enzyme/Enzyme/SimpleGVN.cpp:128:41: warning: 'get' is deprecated: PointerType::get with pointee type is pending removal. Use Context overload. [-Wdeprecated-declarations]
  128 |         Type *T_pjlvalue = PointerType::get(T_jlvalue, 0);
      |                                         ^
/home/jf01/dev/spack/opt/spack/linux-skylake/llvm-21.1.1-lddocxymon2rxfymqww7sdoupeseyudk/include/llvm/IR/DerivedTypes.h:709:5: note: 'get' has been explicitly marked deprecated here
  709 |   [[deprecated("PointerType::get with pointee type is pending removal. Use "
      |     ^
/home/jf01/dev/Enzyme/enzyme/Enzyme/SimpleGVN.cpp:136:35: warning: 'get' is deprecated: PointerType::get with pointee type is pending removal. Use Context overload. [-Wdeprecated-declarations]
  136 |           StoredVal, PointerType::get(T_jlvalue, 11));
      |                                   ^
/home/jf01/dev/spack/opt/spack/linux-skylake/llvm-21.1.1-lddocxymon2rxfymqww7sdoupeseyudk/include/llvm/IR/DerivedTypes.h:709:5: note: 'get' has been explicitly marked deprecated here
  709 |   [[deprecated("PointerType::get with pointee type is pending removal. Use "
      |     ^
/home/jf01/dev/Enzyme/enzyme/Enzyme/SimpleGVN.cpp:190:44: warning: 'get' is deprecated: PointerType::get with pointee type is pending removal. Use Context overload. [-Wdeprecated-declarations]
  190 |         Type *PtrAddrSpace0 = PointerType::get(EmptyStructTy, 0);
      |                                            ^
/home/jf01/dev/spack/opt/spack/linux-skylake/llvm-21.1.1-lddocxymon2rxfymqww7sdoupeseyudk/include/llvm/IR/DerivedTypes.h:709:5: note: 'get' has been explicitly marked deprecated here
  709 |   [[deprecated("PointerType::get with pointee type is pending removal. Use "
      |     ^
In file included from /home/jf01/dev/Enzyme/enzyme/Enzyme/SimpleGVN.cpp:87:
/home/jf01/dev/Enzyme/enzyme/Enzyme/Utils.h:2528:13: warning: 'static' function 'anyJuliaObjects' declared in header file should be declared 'static inline' [-Wunneeded-internal-declaration]
 2528 | static bool anyJuliaObjects(llvm::Type *T) {
      |             ^~~~~~~~~~~~~~~
/home/jf01/dev/Enzyme/enzyme/Enzyme/Utils.h:2556:13: warning: unused function 'hasTerminator' [-Wunused-function]
 2556 | static bool hasTerminator(llvm::BasicBlock *BB) {
      |             ^~~~~~~~~~~~~
6 warnings generated.
[21/39] Building CXX object Enzyme/CMakeFiles/LLVMEnzyme-21.dir/TypeAnalysis/RustDebugInfo.cpp.o
/home/jf01/dev/Enzyme/enzyme/Enzyme/TypeAnalysis/RustDebugInfo.cpp:68:45: warning: 'get' is deprecated: Use cast instead [-Wdeprecated-declarations]
   68 |       if (auto Count = Subrange->getCount().get<ConstantInt *>()) {
      |                                             ^
/home/jf01/dev/spack/opt/spack/linux-skylake/llvm-21.1.1-lddocxymon2rxfymqww7sdoupeseyudk/include/llvm/ADT/PointerUnion.h:161:12: note: 'get' has been explicitly marked deprecated here
  161 |   inline T get() const {
      |            ^
/home/jf01/dev/Enzyme/enzyme/Enzyme/TypeAnalysis/RustDebugInfo.cpp:68:45: warning: 'get<llvm::ConstantInt *>' is deprecated: Use cast instead [-Wdeprecated-declarations]
   68 |       if (auto Count = Subrange->getCount().get<ConstantInt *>()) {
      |                                             ^
/home/jf01/dev/spack/opt/spack/linux-skylake/llvm-21.1.1-lddocxymon2rxfymqww7sdoupeseyudk/include/llvm/ADT/PointerUnion.h:160:5: note: 'get<llvm::ConstantInt *>' has been explicitly marked deprecated here
  160 |   [[deprecated("Use cast instead")]]
      |     ^
In file included from /home/jf01/dev/Enzyme/enzyme/Enzyme/TypeAnalysis/RustDebugInfo.cpp:32:
In file included from /home/jf01/dev/Enzyme/enzyme/Enzyme/TypeAnalysis/RustDebugInfo.h:33:
In file included from /home/jf01/dev/Enzyme/enzyme/Enzyme/TypeAnalysis/TypeTree.h:41:
/home/jf01/dev/Enzyme/enzyme/Enzyme/TypeAnalysis/../Utils.h:2528:13: warning: 'static' function 'anyJuliaObjects' declared in header file should be declared 'static inline' [-Wunneeded-internal-declaration]
 2528 | static bool anyJuliaObjects(llvm::Type *T) {
      |             ^~~~~~~~~~~~~~~
/home/jf01/dev/Enzyme/enzyme/Enzyme/TypeAnalysis/../Utils.h:2556:13: warning: unused function 'hasTerminator' [-Wunused-function]
 2556 | static bool hasTerminator(llvm::BasicBlock *BB) {
      |             ^~~~~~~~~~~~~
4 warnings generated.
[22/39] Building CXX object Enzyme/CMakeFiles/LLVMEnzyme-21.dir/MustExitScalarEvolution.cpp.o
In file included from /home/jf01/dev/Enzyme/enzyme/Enzyme/MustExitScalarEvolution.cpp:29:
In file included from /home/jf01/dev/Enzyme/enzyme/Enzyme/FunctionUtils.h:43:
/home/jf01/dev/Enzyme/enzyme/Enzyme/Utils.h:2528:13: warning: 'static' function 'anyJuliaObjects' declared in header file should be declared 'static inline' [-Wunneeded-internal-declaration]
 2528 | static bool anyJuliaObjects(llvm::Type *T) {
      |             ^~~~~~~~~~~~~~~
/home/jf01/dev/Enzyme/enzyme/Enzyme/Utils.h:2556:13: warning: unused function 'hasTerminator' [-Wunused-function]
 2556 | static bool hasTerminator(llvm::BasicBlock *BB) {
      |             ^~~~~~~~~~~~~
2 warnings generated.
[23/39] Building CXX object Enzyme/CMakeFiles/LLVMEnzyme-21.dir/ActivityAnalysisPrinter.cpp.o
In file included from /home/jf01/dev/Enzyme/enzyme/Enzyme/ActivityAnalysisPrinter.cpp:52:
In file included from /home/jf01/dev/Enzyme/enzyme/Enzyme/ActivityAnalysis.h:49:
In file included from /home/jf01/dev/Enzyme/enzyme/Enzyme/TypeAnalysis/TypeAnalysis.h:56:
/home/jf01/dev/Enzyme/enzyme/Enzyme/TypeAnalysis/../Utils.h:2528:13: warning: 'static' function 'anyJuliaObjects' declared in header file should be declared 'static inline' [-Wunneeded-internal-declaration]
 2528 | static bool anyJuliaObjects(llvm::Type *T) {
      |             ^~~~~~~~~~~~~~~
/home/jf01/dev/Enzyme/enzyme/Enzyme/TypeAnalysis/../Utils.h:2556:13: warning: unused function 'hasTerminator' [-Wunused-function]
 2556 | static bool hasTerminator(llvm::BasicBlock *BB) {
      |             ^~~~~~~~~~~~~
2 warnings generated.
[24/39] Building CXX object Enzyme/CMakeFiles/LLVMEnzyme-21.dir/TypeAnalysis/TypeAnalysisPrinter.cpp.o
In file included from /home/jf01/dev/Enzyme/enzyme/Enzyme/TypeAnalysis/TypeAnalysisPrinter.cpp:57:
In file included from /home/jf01/dev/Enzyme/enzyme/Enzyme/TypeAnalysis/../EnzymeLogic.h:47:
In file included from /home/jf01/dev/Enzyme/enzyme/Enzyme/TypeAnalysis/../ActivityAnalysis.h:49:
In file included from /home/jf01/dev/Enzyme/enzyme/Enzyme/TypeAnalysis/../TypeAnalysis/TypeAnalysis.h:56:
/home/jf01/dev/Enzyme/enzyme/Enzyme/TypeAnalysis/../TypeAnalysis/../Utils.h:2528:13: warning: 'static' function 'anyJuliaObjects' declared in header file should be declared 'static inline' [-Wunneeded-internal-declaration]
 2528 | static bool anyJuliaObjects(llvm::Type *T) {
      |             ^~~~~~~~~~~~~~~
/home/jf01/dev/Enzyme/enzyme/Enzyme/TypeAnalysis/../TypeAnalysis/../Utils.h:2556:13: warning: unused function 'hasTerminator' [-Wunused-function]
 2556 | static bool hasTerminator(llvm::BasicBlock *BB) {
      |             ^~~~~~~~~~~~~
2 warnings generated.
[25/39] Building CXX object Enzyme/CMakeFiles/LLVMEnzyme-21.dir/InstructionBatcher.cpp.o
In file included from /home/jf01/dev/Enzyme/enzyme/Enzyme/InstructionBatcher.cpp:27:
In file included from /home/jf01/dev/Enzyme/enzyme/Enzyme/InstructionBatcher.h:48:
In file included from /home/jf01/dev/Enzyme/enzyme/Enzyme/EnzymeLogic.h:47:
In file included from /home/jf01/dev/Enzyme/enzyme/Enzyme/ActivityAnalysis.h:49:
In file included from /home/jf01/dev/Enzyme/enzyme/Enzyme/TypeAnalysis/TypeAnalysis.h:56:
/home/jf01/dev/Enzyme/enzyme/Enzyme/TypeAnalysis/../Utils.h:2528:13: warning: 'static' function 'anyJuliaObjects' declared in header file should be declared 'static inline' [-Wunneeded-internal-declaration]
 2528 | static bool anyJuliaObjects(llvm::Type *T) {
      |             ^~~~~~~~~~~~~~~
/home/jf01/dev/Enzyme/enzyme/Enzyme/TypeAnalysis/../Utils.h:2556:13: warning: unused function 'hasTerminator' [-Wunused-function]
 2556 | static bool hasTerminator(llvm::BasicBlock *BB) {
      |             ^~~~~~~~~~~~~
2 warnings generated.
[26/39] Building CXX object Enzyme/CMakeFiles/LLVMEnzyme-21.dir/FixupJuliaCallingConvention.cpp.o
/home/jf01/dev/Enzyme/enzyme/Enzyme/FixupJuliaCallingConvention.cpp:85:60: warning: 'getUnqual' is deprecated: PointerType::getUnqual with pointee type is pending removal. Use Context overload. [-Wdeprecated-declarations]
   85 |         auto nullp = ConstantPointerNull::get(PointerType::getUnqual(SRetType));
      |                                                            ^
/home/jf01/dev/spack/opt/spack/linux-skylake/llvm-21.1.1-lddocxymon2rxfymqww7sdoupeseyudk/include/llvm/IR/DerivedTypes.h:718:5: note: 'getUnqual' has been explicitly marked deprecated here
  718 |   [[deprecated("PointerType::getUnqual with pointee type is pending removal. "
      |     ^
/home/jf01/dev/Enzyme/enzyme/Enzyme/FixupJuliaCallingConvention.cpp:88:58: warning: 'getUnqual' is deprecated: PointerType::getUnqual with pointee type is pending removal. Use Context overload. [-Wdeprecated-declarations]
   88 |         if (gep == ConstantPointerNull::get(PointerType::getUnqual(PT))) {
      |                                                          ^
/home/jf01/dev/spack/opt/spack/linux-skylake/llvm-21.1.1-lddocxymon2rxfymqww7sdoupeseyudk/include/llvm/IR/DerivedTypes.h:718:5: note: 'getUnqual' has been explicitly marked deprecated here
  718 |   [[deprecated("PointerType::getUnqual with pointee type is pending removal. "
      |     ^
/home/jf01/dev/Enzyme/enzyme/Enzyme/FixupJuliaCallingConvention.cpp:716:35: warning: 'get' is deprecated: PointerType::get with pointee type is pending removal. Use Context overload. [-Wdeprecated-declarations]
  716 |   auto T_prjlvalue = PointerType::get(T_jlvalue, AddressSpace::Tracked);
      |                                   ^
/home/jf01/dev/spack/opt/spack/linux-skylake/llvm-21.1.1-lddocxymon2rxfymqww7sdoupeseyudk/include/llvm/IR/DerivedTypes.h:709:5: note: 'get' has been explicitly marked deprecated here
  709 |   [[deprecated("PointerType::get with pointee type is pending removal. Use "
      |     ^
In file included from /home/jf01/dev/Enzyme/enzyme/Enzyme/FixupJuliaCallingConvention.cpp:2:
In file included from /home/jf01/dev/Enzyme/enzyme/Enzyme/FunctionUtils.h:43:
/home/jf01/dev/Enzyme/enzyme/Enzyme/Utils.h:2528:13: warning: 'static' function 'anyJuliaObjects' declared in header file should be declared 'static inline' [-Wunneeded-internal-declaration]
 2528 | static bool anyJuliaObjects(llvm::Type *T) {
      |             ^~~~~~~~~~~~~~~
/home/jf01/dev/Enzyme/enzyme/Enzyme/Utils.h:2556:13: warning: unused function 'hasTerminator' [-Wunused-function]
 2556 | static bool hasTerminator(llvm::BasicBlock *BB) {
      |             ^~~~~~~~~~~~~
5 warnings generated.
[27/39] Building CXX object Enzyme/CMakeFiles/LLVMEnzyme-21.dir/DiffeGradientUtils.cpp.o
/home/jf01/dev/Enzyme/enzyme/Enzyme/DiffeGradientUtils.cpp:1017:31: warning: 'get' is deprecated: PointerType::get with pointee type is pending removal. Use Context overload. [-Wdeprecated-declarations]
 1017 |             ptr, PointerType::get(
      |                               ^
/home/jf01/dev/spack/opt/spack/linux-skylake/llvm-21.1.1-lddocxymon2rxfymqww7sdoupeseyudk/include/llvm/IR/DerivedTypes.h:709:5: note: 'get' has been explicitly marked deprecated here
  709 |   [[deprecated("PointerType::get with pointee type is pending removal. Use "
      |     ^
/home/jf01/dev/Enzyme/enzyme/Enzyme/DiffeGradientUtils.cpp:1024:31: warning: 'get' is deprecated: PointerType::get with pointee type is pending removal. Use Context overload. [-Wdeprecated-declarations]
 1024 |             ptr, PointerType::get(
      |                               ^
/home/jf01/dev/spack/opt/spack/linux-skylake/llvm-21.1.1-lddocxymon2rxfymqww7sdoupeseyudk/include/llvm/IR/DerivedTypes.h:709:5: note: 'get' has been explicitly marked deprecated here
  709 |   [[deprecated("PointerType::get with pointee type is pending removal. Use "
      |     ^
/home/jf01/dev/Enzyme/enzyme/Enzyme/DiffeGradientUtils.cpp:1031:22: warning: 'get' is deprecated: PointerType::get with pointee type is pending removal. Use Context overload. [-Wdeprecated-declarations]
 1031 |         PointerType::get(
      |                      ^
/home/jf01/dev/spack/opt/spack/linux-skylake/llvm-21.1.1-lddocxymon2rxfymqww7sdoupeseyudk/include/llvm/IR/DerivedTypes.h:709:5: note: 'get' has been explicitly marked deprecated here
  709 |   [[deprecated("PointerType::get with pointee type is pending removal. Use "
      |     ^
/home/jf01/dev/Enzyme/enzyme/Enzyme/DiffeGradientUtils.cpp:1119:58: warning: 'get' is deprecated: PointerType::get with pointee type is pending removal. Use Context overload. [-Wdeprecated-declarations]
 1119 |                                             PointerType::get(addingType, 1));
      |                                                          ^
/home/jf01/dev/spack/opt/spack/linux-skylake/llvm-21.1.1-lddocxymon2rxfymqww7sdoupeseyudk/include/llvm/IR/DerivedTypes.h:709:5: note: 'get' has been explicitly marked deprecated here
  709 |   [[deprecated("PointerType::get with pointee type is pending removal. Use "
      |     ^
/home/jf01/dev/Enzyme/enzyme/Enzyme/DiffeGradientUtils.cpp:1122:39: warning: 'get' is deprecated: PointerType::get with pointee type is pending removal. Use Context overload. [-Wdeprecated-declarations]
 1122 |           applyChainRule(PointerType::get(addingType, 1), BuilderM, rule, ptr);
      |                                       ^
/home/jf01/dev/spack/opt/spack/linux-skylake/llvm-21.1.1-lddocxymon2rxfymqww7sdoupeseyudk/include/llvm/IR/DerivedTypes.h:709:5: note: 'get' has been explicitly marked deprecated here
  709 |   [[deprecated("PointerType::get with pointee type is pending removal. Use "
      |     ^
/home/jf01/dev/Enzyme/enzyme/Enzyme/DiffeGradientUtils.cpp:1344:30: warning: 'get' is deprecated: PointerType::get with pointee type is pending removal. Use Context overload. [-Wdeprecated-declarations]
 1344 |                 PointerType::get(
      |                              ^
/home/jf01/dev/spack/opt/spack/linux-skylake/llvm-21.1.1-lddocxymon2rxfymqww7sdoupeseyudk/include/llvm/IR/DerivedTypes.h:709:5: note: 'get' has been explicitly marked deprecated here
  709 |   [[deprecated("PointerType::get with pointee type is pending removal. Use "
      |     ^
/home/jf01/dev/Enzyme/enzyme/Enzyme/DiffeGradientUtils.cpp:1354:28: warning: 'get' is deprecated: PointerType::get with pointee type is pending removal. Use Context overload. [-Wdeprecated-declarations]
 1354 |               PointerType::get(
      |                            ^
/home/jf01/dev/spack/opt/spack/linux-skylake/llvm-21.1.1-lddocxymon2rxfymqww7sdoupeseyudk/include/llvm/IR/DerivedTypes.h:709:5: note: 'get' has been explicitly marked deprecated here
  709 |   [[deprecated("PointerType::get with pointee type is pending removal. Use "
      |     ^
In file included from /home/jf01/dev/Enzyme/enzyme/Enzyme/DiffeGradientUtils.cpp:30:
In file included from /home/jf01/dev/Enzyme/enzyme/Enzyme/DiffeGradientUtils.h:31:
In file included from /home/jf01/dev/Enzyme/enzyme/Enzyme/GradientUtils.h:68:
In file included from /home/jf01/dev/Enzyme/enzyme/Enzyme/ActivityAnalysis.h:49:
In file included from /home/jf01/dev/Enzyme/enzyme/Enzyme/TypeAnalysis/TypeAnalysis.h:56:
/home/jf01/dev/Enzyme/enzyme/Enzyme/TypeAnalysis/../Utils.h:2528:13: warning: 'static' function 'anyJuliaObjects' declared in header file should be declared 'static inline' [-Wunneeded-internal-declaration]
 2528 | static bool anyJuliaObjects(llvm::Type *T) {
      |             ^~~~~~~~~~~~~~~
/home/jf01/dev/Enzyme/enzyme/Enzyme/TypeAnalysis/../Utils.h:2556:13: warning: unused function 'hasTerminator' [-Wunused-function]
 2556 | static bool hasTerminator(llvm::BasicBlock *BB) {
      |             ^~~~~~~~~~~~~
9 warnings generated.
[28/39] Building CXX object Enzyme/CMakeFiles/LLVMEnzyme-21.dir/CacheUtility.cpp.o
/home/jf01/dev/Enzyme/enzyme/Enzyme/CacheUtility.cpp:198:12: warning: 'moveBefore' is deprecated: Use iterators as instruction positions [-Wdeprecated-declarations]
  198 |       Inc->moveBefore(getFirstNonPHIOrDbg(Header));
      |            ^
/home/jf01/dev/spack/opt/spack/linux-skylake/llvm-21.1.1-lddocxymon2rxfymqww7sdoupeseyudk/include/llvm/IR/Instruction.h:245:12: note: 'moveBefore' has been explicitly marked deprecated here
  245 |   LLVM_ABI LLVM_DEPRECATED("Use iterators as instruction positions",
      |            ^
/home/jf01/dev/spack/opt/spack/linux-skylake/llvm-21.1.1-lddocxymon2rxfymqww7sdoupeseyudk/include/llvm/Support/Compiler.h:250:50: note: expanded from macro 'LLVM_DEPRECATED'
  250 | #define LLVM_DEPRECATED(MSG, FIX) __attribute__((deprecated(MSG, FIX)))
      |                                                  ^
/home/jf01/dev/Enzyme/enzyme/Enzyme/CacheUtility.cpp:259:54: warning: 'getFirstNonPHI' is deprecated: Use iterators as instruction positions instead [-Wdeprecated-declarations]
  259 |         Exp.expandCodeFor(S, Tmp->getType(), Header->getFirstNonPHI());
      |                                                      ^~~~~~~~~~~~~~
      |                                                      getFirstNonPHIIt
/home/jf01/dev/spack/opt/spack/linux-skylake/llvm-21.1.1-lddocxymon2rxfymqww7sdoupeseyudk/include/llvm/IR/BasicBlock.h:283:12: note: 'getFirstNonPHI' has been explicitly marked deprecated here
  283 |   LLVM_ABI LLVM_DEPRECATED("Use iterators as instruction positions instead",
      |            ^
/home/jf01/dev/spack/opt/spack/linux-skylake/llvm-21.1.1-lddocxymon2rxfymqww7sdoupeseyudk/include/llvm/Support/Compiler.h:250:50: note: expanded from macro 'LLVM_DEPRECATED'
  250 | #define LLVM_DEPRECATED(MSG, FIX) __attribute__((deprecated(MSG, FIX)))
      |                                                  ^
/home/jf01/dev/Enzyme/enzyme/Enzyme/CacheUtility.cpp:286:50: warning: 'getFirstNonPHI' is deprecated: Use iterators as instruction positions instead [-Wdeprecated-declarations]
  286 |   Increment->moveAfter(CanonicalIV->getParent()->getFirstNonPHI());
      |                                                  ^~~~~~~~~~~~~~
      |                                                  getFirstNonPHIIt
/home/jf01/dev/spack/opt/spack/linux-skylake/llvm-21.1.1-lddocxymon2rxfymqww7sdoupeseyudk/include/llvm/IR/BasicBlock.h:283:12: note: 'getFirstNonPHI' has been explicitly marked deprecated here
  283 |   LLVM_ABI LLVM_DEPRECATED("Use iterators as instruction positions instead",
      |            ^
/home/jf01/dev/spack/opt/spack/linux-skylake/llvm-21.1.1-lddocxymon2rxfymqww7sdoupeseyudk/include/llvm/Support/Compiler.h:250:50: note: expanded from macro 'LLVM_DEPRECATED'
  250 | #define LLVM_DEPRECATED(MSG, FIX) __attribute__((deprecated(MSG, FIX)))
      |                                                  ^
/home/jf01/dev/Enzyme/enzyme/Enzyme/CacheUtility.cpp:400:52: warning: 'getFirstNonPHI' is deprecated: Use iterators as instruction positions instead [-Wdeprecated-declarations]
  400 |     Increment->moveAfter(CanonicalIV->getParent()->getFirstNonPHI());
      |                                                    ^~~~~~~~~~~~~~
      |                                                    getFirstNonPHIIt
/home/jf01/dev/spack/opt/spack/linux-skylake/llvm-21.1.1-lddocxymon2rxfymqww7sdoupeseyudk/include/llvm/IR/BasicBlock.h:283:12: note: 'getFirstNonPHI' has been explicitly marked deprecated here
  283 |   LLVM_ABI LLVM_DEPRECATED("Use iterators as instruction positions instead",
      |            ^
/home/jf01/dev/spack/opt/spack/linux-skylake/llvm-21.1.1-lddocxymon2rxfymqww7sdoupeseyudk/include/llvm/Support/Compiler.h:250:50: note: expanded from macro 'LLVM_DEPRECATED'
  250 | #define LLVM_DEPRECATED(MSG, FIX) __attribute__((deprecated(MSG, FIX)))
      |                                                  ^
/home/jf01/dev/Enzyme/enzyme/Enzyme/CacheUtility.cpp:1489:55: warning: 'getFirstNonPHI' is deprecated: Use iterators as instruction positions instead [-Wdeprecated-declarations]
 1489 |                                 ? (inst->getParent()->getFirstNonPHI())
      |                                                       ^~~~~~~~~~~~~~
      |                                                       getFirstNonPHIIt
/home/jf01/dev/spack/opt/spack/linux-skylake/llvm-21.1.1-lddocxymon2rxfymqww7sdoupeseyudk/include/llvm/IR/BasicBlock.h:283:12: note: 'getFirstNonPHI' has been explicitly marked deprecated here
  283 |   LLVM_ABI LLVM_DEPRECATED("Use iterators as instruction positions instead",
      |            ^
/home/jf01/dev/spack/opt/spack/linux-skylake/llvm-21.1.1-lddocxymon2rxfymqww7sdoupeseyudk/include/llvm/Support/Compiler.h:250:50: note: expanded from macro 'LLVM_DEPRECATED'
  250 | #define LLVM_DEPRECATED(MSG, FIX) __attribute__((deprecated(MSG, FIX)))
      |                                                  ^
In file included from /home/jf01/dev/Enzyme/enzyme/Enzyme/CacheUtility.cpp:27:
In file included from /home/jf01/dev/Enzyme/enzyme/Enzyme/CacheUtility.h:52:
In file included from /home/jf01/dev/Enzyme/enzyme/Enzyme/FunctionUtils.h:43:
/home/jf01/dev/Enzyme/enzyme/Enzyme/Utils.h:2528:13: warning: 'static' function 'anyJuliaObjects' declared in header file should be declared 'static inline' [-Wunneeded-internal-declaration]
 2528 | static bool anyJuliaObjects(llvm::Type *T) {
      |             ^~~~~~~~~~~~~~~
/home/jf01/dev/Enzyme/enzyme/Enzyme/Utils.h:2556:13: warning: unused function 'hasTerminator' [-Wunused-function]
 2556 | static bool hasTerminator(llvm::BasicBlock *BB) {
      |             ^~~~~~~~~~~~~
7 warnings generated.
[29/39] Building CXX object Enzyme/CMakeFiles/LLVMEnzyme-21.dir/DifferentialUseAnalysis.cpp.o
In file included from /home/jf01/dev/Enzyme/enzyme/Enzyme/DifferentialUseAnalysis.cpp:32:
In file included from /home/jf01/dev/Enzyme/enzyme/Enzyme/DifferentialUseAnalysis.h:43:
In file included from /home/jf01/dev/Enzyme/enzyme/Enzyme/DiffeGradientUtils.h:31:
In file included from /home/jf01/dev/Enzyme/enzyme/Enzyme/GradientUtils.h:68:
In file included from /home/jf01/dev/Enzyme/enzyme/Enzyme/ActivityAnalysis.h:49:
In file included from /home/jf01/dev/Enzyme/enzyme/Enzyme/TypeAnalysis/TypeAnalysis.h:56:
/home/jf01/dev/Enzyme/enzyme/Enzyme/TypeAnalysis/../Utils.h:2528:13: warning: 'static' function 'anyJuliaObjects' declared in header file should be declared 'static inline' [-Wunneeded-internal-declaration]
 2528 | static bool anyJuliaObjects(llvm::Type *T) {
      |             ^~~~~~~~~~~~~~~
/home/jf01/dev/Enzyme/enzyme/Enzyme/TypeAnalysis/../Utils.h:2556:13: warning: unused function 'hasTerminator' [-Wunused-function]
 2556 | static bool hasTerminator(llvm::BasicBlock *BB) {
      |             ^~~~~~~~~~~~~
2 warnings generated.
[30/39] Building CXX object Enzyme/CMakeFiles/LLVMEnzyme-21.dir/ActivityAnalysis.cpp.o
In file included from /home/jf01/dev/Enzyme/enzyme/Enzyme/ActivityAnalysis.cpp:55:
In file included from /home/jf01/dev/Enzyme/enzyme/Enzyme/ActivityAnalysis.h:49:
In file included from /home/jf01/dev/Enzyme/enzyme/Enzyme/TypeAnalysis/TypeAnalysis.h:56:
/home/jf01/dev/Enzyme/enzyme/Enzyme/TypeAnalysis/../Utils.h:2528:13: warning: 'static' function 'anyJuliaObjects' declared in header file should be declared 'static inline' [-Wunneeded-internal-declaration]
 2528 | static bool anyJuliaObjects(llvm::Type *T) {
      |             ^~~~~~~~~~~~~~~
/home/jf01/dev/Enzyme/enzyme/Enzyme/TypeAnalysis/../Utils.h:2556:13: warning: unused function 'hasTerminator' [-Wunused-function]
 2556 | static bool hasTerminator(llvm::BasicBlock *BB) {
      |             ^~~~~~~~~~~~~
2 warnings generated.
[31/39] Building CXX object Enzyme/CMakeFiles/LLVMEnzyme-21.dir/CApi.cpp.o
/home/jf01/dev/Enzyme/enzyme/Enzyme/CApi.cpp:1011:9: warning: 'moveBefore' is deprecated: Use iterators as instruction positions [-Wdeprecated-declarations]
 1011 |     I1->moveBefore(I2);
      |         ^
/home/jf01/dev/spack/opt/spack/linux-skylake/llvm-21.1.1-lddocxymon2rxfymqww7sdoupeseyudk/include/llvm/IR/Instruction.h:245:12: note: 'moveBefore' has been explicitly marked deprecated here
  245 |   LLVM_ABI LLVM_DEPRECATED("Use iterators as instruction positions",
      |            ^
/home/jf01/dev/spack/opt/spack/linux-skylake/llvm-21.1.1-lddocxymon2rxfymqww7sdoupeseyudk/include/llvm/Support/Compiler.h:250:50: note: expanded from macro 'LLVM_DEPRECATED'
  250 | #define LLVM_DEPRECATED(MSG, FIX) __attribute__((deprecated(MSG, FIX)))
      |                                                  ^
In file included from /home/jf01/dev/Enzyme/enzyme/Enzyme/CApi.cpp:25:
/home/jf01/dev/Enzyme/enzyme/Enzyme/Utils.h:2528:13: warning: 'static' function 'anyJuliaObjects' declared in header file should be declared 'static inline' [-Wunneeded-internal-declaration]
 2528 | static bool anyJuliaObjects(llvm::Type *T) {
      |             ^~~~~~~~~~~~~~~
/home/jf01/dev/Enzyme/enzyme/Enzyme/Utils.h:2556:13: warning: unused function 'hasTerminator' [-Wunused-function]
 2556 | static bool hasTerminator(llvm::BasicBlock *BB) {
      |             ^~~~~~~~~~~~~
3 warnings generated.
[32/39] Building CXX object Enzyme/CMakeFiles/LLVMEnzyme-21.dir/Utils.cpp.o
/home/jf01/dev/Enzyme/enzyme/Enzyme/Utils.cpp:544:22: warning: 'get' is deprecated: PointerType::get with pointee type is pending removal. Use Context overload. [-Wdeprecated-declarations]
  544 |         PointerType::get(Type::getInt8Ty(gVal->getContext()),
      |                      ^
/home/jf01/dev/spack/opt/spack/linux-skylake/llvm-21.1.1-lddocxymon2rxfymqww7sdoupeseyudk/include/llvm/IR/DerivedTypes.h:709:5: note: 'get' has been explicitly marked deprecated here
  709 |   [[deprecated("PointerType::get with pointee type is pending removal. Use "
      |     ^
/home/jf01/dev/Enzyme/enzyme/Enzyme/Utils.cpp:728:32: warning: 'get' is deprecated: PointerType::get with pointee type is pending removal. Use Context overload. [-Wdeprecated-declarations]
  728 |           tozero, PointerType::get(Type::getInt8Ty(PT->getContext()),
      |                                ^
/home/jf01/dev/spack/opt/spack/linux-skylake/llvm-21.1.1-lddocxymon2rxfymqww7sdoupeseyudk/include/llvm/IR/DerivedTypes.h:709:5: note: 'get' has been explicitly marked deprecated here
  709 |   [[deprecated("PointerType::get with pointee type is pending removal. Use "
      |     ^
/home/jf01/dev/Enzyme/enzyme/Enzyme/Utils.cpp:1027:46: warning: 'get' is deprecated: PointerType::get with pointee type is pending removal. Use Context overload. [-Wdeprecated-declarations]
 1027 |   std::vector<Type *> argTys = {PointerType::get(elementType, dstaddr),
      |                                              ^
/home/jf01/dev/spack/opt/spack/linux-skylake/llvm-21.1.1-lddocxymon2rxfymqww7sdoupeseyudk/include/llvm/IR/DerivedTypes.h:709:5: note: 'get' has been explicitly marked deprecated here
  709 |   [[deprecated("PointerType::get with pointee type is pending removal. Use "
      |     ^
/home/jf01/dev/Enzyme/enzyme/Enzyme/Utils.cpp:1028:46: warning: 'get' is deprecated: PointerType::get with pointee type is pending removal. Use Context overload. [-Wdeprecated-declarations]
 1028 |                                 PointerType::get(elementType, srcaddr),
      |                                              ^
/home/jf01/dev/spack/opt/spack/linux-skylake/llvm-21.1.1-lddocxymon2rxfymqww7sdoupeseyudk/include/llvm/IR/DerivedTypes.h:709:5: note: 'get' has been explicitly marked deprecated here
  709 |   [[deprecated("PointerType::get with pointee type is pending removal. Use "
      |     ^
/home/jf01/dev/Enzyme/enzyme/Enzyme/Utils.cpp:1093:29: warning: 'get' is deprecated: PointerType::get with pointee type is pending removal. Use Context overload. [-Wdeprecated-declarations]
 1093 |           dst, PointerType::get(Type::getInt8Ty(M.getContext()), dstaddr));
      |                             ^
/home/jf01/dev/spack/opt/spack/linux-skylake/llvm-21.1.1-lddocxymon2rxfymqww7sdoupeseyudk/include/llvm/IR/DerivedTypes.h:709:5: note: 'get' has been explicitly marked deprecated here
  709 |   [[deprecated("PointerType::get with pointee type is pending removal. Use "
      |     ^
/home/jf01/dev/Enzyme/enzyme/Enzyme/Utils.cpp:1491:24: warning: 'get' is deprecated: PointerType::get with pointee type is pending removal. Use Context overload. [-Wdeprecated-declarations]
 1491 |           PointerType::get(
      |                        ^
/home/jf01/dev/spack/opt/spack/linux-skylake/llvm-21.1.1-lddocxymon2rxfymqww7sdoupeseyudk/include/llvm/IR/DerivedTypes.h:709:5: note: 'get' has been explicitly marked deprecated here
  709 |   [[deprecated("PointerType::get with pointee type is pending removal. Use "
      |     ^
/home/jf01/dev/Enzyme/enzyme/Enzyme/Utils.cpp:1502:22: warning: 'get' is deprecated: PointerType::get with pointee type is pending removal. Use Context overload. [-Wdeprecated-declarations]
 1502 |         PointerType::get(
      |                      ^
/home/jf01/dev/spack/opt/spack/linux-skylake/llvm-21.1.1-lddocxymon2rxfymqww7sdoupeseyudk/include/llvm/IR/DerivedTypes.h:709:5: note: 'get' has been explicitly marked deprecated here
  709 |   [[deprecated("PointerType::get with pointee type is pending removal. Use "
      |     ^
/home/jf01/dev/Enzyme/enzyme/Enzyme/Utils.cpp:1506:22: warning: 'get' is deprecated: PointerType::get with pointee type is pending removal. Use Context overload. [-Wdeprecated-declarations]
 1506 |         PointerType::get(
      |                      ^
/home/jf01/dev/spack/opt/spack/linux-skylake/llvm-21.1.1-lddocxymon2rxfymqww7sdoupeseyudk/include/llvm/IR/DerivedTypes.h:709:5: note: 'get' has been explicitly marked deprecated here
  709 |   [[deprecated("PointerType::get with pointee type is pending removal. Use "
      |     ^
/home/jf01/dev/Enzyme/enzyme/Enzyme/Utils.cpp:1510:22: warning: 'get' is deprecated: PointerType::get with pointee type is pending removal. Use Context overload. [-Wdeprecated-declarations]
 1510 |         PointerType::get(
      |                      ^
/home/jf01/dev/spack/opt/spack/linux-skylake/llvm-21.1.1-lddocxymon2rxfymqww7sdoupeseyudk/include/llvm/IR/DerivedTypes.h:709:5: note: 'get' has been explicitly marked deprecated here
  709 |   [[deprecated("PointerType::get with pointee type is pending removal. Use "
      |     ^
/home/jf01/dev/Enzyme/enzyme/Enzyme/Utils.cpp:1670:28: warning: 'get' is deprecated: PointerType::get with pointee type is pending removal. Use Context overload. [-Wdeprecated-declarations]
 1670 |         matA, PointerType::get(
      |                            ^
/home/jf01/dev/spack/opt/spack/linux-skylake/llvm-21.1.1-lddocxymon2rxfymqww7sdoupeseyudk/include/llvm/IR/DerivedTypes.h:709:5: note: 'get' has been explicitly marked deprecated here
  709 |   [[deprecated("PointerType::get with pointee type is pending removal. Use "
      |     ^
/home/jf01/dev/Enzyme/enzyme/Enzyme/Utils.cpp:1673:28: warning: 'get' is deprecated: PointerType::get with pointee type is pending removal. Use Context overload. [-Wdeprecated-declarations]
 1673 |         matB, PointerType::get(
      |                            ^
/home/jf01/dev/spack/opt/spack/linux-skylake/llvm-21.1.1-lddocxymon2rxfymqww7sdoupeseyudk/include/llvm/IR/DerivedTypes.h:709:5: note: 'get' has been explicitly marked deprecated here
  709 |   [[deprecated("PointerType::get with pointee type is pending removal. Use "
      |     ^
/home/jf01/dev/Enzyme/enzyme/Enzyme/Utils.cpp:4124:25: warning: 'get' is deprecated: PointerType::get with pointee type is pending removal. Use Context overload. [-Wdeprecated-declarations]
 4124 |         V, PointerType::get(
      |                         ^
/home/jf01/dev/spack/opt/spack/linux-skylake/llvm-21.1.1-lddocxymon2rxfymqww7sdoupeseyudk/include/llvm/IR/DerivedTypes.h:709:5: note: 'get' has been explicitly marked deprecated here
  709 |   [[deprecated("PointerType::get with pointee type is pending removal. Use "
      |     ^
/home/jf01/dev/Enzyme/enzyme/Enzyme/Utils.cpp:4794:34: warning: 'get' is deprecated: PointerType::get with pointee type is pending removal. Use Context overload. [-Wdeprecated-declarations]
 4794 |             outloc, PointerType::get(StructType::get(outloc->getContext(), {}),
      |                                  ^
/home/jf01/dev/spack/opt/spack/linux-skylake/llvm-21.1.1-lddocxymon2rxfymqww7sdoupeseyudk/include/llvm/IR/DerivedTypes.h:709:5: note: 'get' has been explicitly marked deprecated here
  709 |   [[deprecated("PointerType::get with pointee type is pending removal. Use "
      |     ^
/home/jf01/dev/Enzyme/enzyme/Enzyme/Utils.cpp:4861:31: warning: 'get' is deprecated: PointerType::get with pointee type is pending removal. Use Context overload. [-Wdeprecated-declarations]
 4861 |       auto JLT = PointerType::get(StructType::get(PT->getContext(), {}), 10);
      |                               ^
/home/jf01/dev/spack/opt/spack/linux-skylake/llvm-21.1.1-lddocxymon2rxfymqww7sdoupeseyudk/include/llvm/IR/DerivedTypes.h:709:5: note: 'get' has been explicitly marked deprecated here
  709 |   [[deprecated("PointerType::get with pointee type is pending removal. Use "
      |     ^
In file included from /home/jf01/dev/Enzyme/enzyme/Enzyme/Utils.cpp:25:
/home/jf01/dev/Enzyme/enzyme/Enzyme/Utils.h:2556:13: warning: unused function 'hasTerminator' [-Wunused-function]
 2556 | static bool hasTerminator(llvm::BasicBlock *BB) {
      |             ^~~~~~~~~~~~~
15 warnings generated.
[33/39] Building CXX object Enzyme/CMakeFiles/LLVMEnzyme-21.dir/TypeAnalysis/TypeAnalysis.cpp.o
/home/jf01/dev/Enzyme/enzyme/Enzyme/TypeAnalysis/TypeAnalysis.cpp:858:8: warning: 'insertBefore' is deprecated: Use iterators as instruction positions [-Wdeprecated-declarations]
  858 |     I->insertBefore(TA.fntypeinfo.Function->getEntryBlock().getTerminator());
      |        ^
/home/jf01/dev/spack/opt/spack/linux-skylake/llvm-21.1.1-lddocxymon2rxfymqww7sdoupeseyudk/include/llvm/IR/Instruction.h:216:12: note: 'insertBefore' has been explicitly marked deprecated here
  216 |   LLVM_ABI LLVM_DEPRECATED("Use iterators as instruction positions",
      |            ^
/home/jf01/dev/spack/opt/spack/linux-skylake/llvm-21.1.1-lddocxymon2rxfymqww7sdoupeseyudk/include/llvm/Support/Compiler.h:250:50: note: expanded from macro 'LLVM_DEPRECATED'
  250 | #define LLVM_DEPRECATED(MSG, FIX) __attribute__((deprecated(MSG, FIX)))
      |                                                  ^
/home/jf01/dev/Enzyme/enzyme/Enzyme/TypeAnalysis/TypeAnalysis.cpp:1873:6: warning: 'insertBefore' is deprecated: Use iterators as instruction positions [-Wdeprecated-declarations]
 1873 |   I->insertBefore(fntypeinfo.Function->getEntryBlock().getTerminator());
      |      ^
/home/jf01/dev/spack/opt/spack/linux-skylake/llvm-21.1.1-lddocxymon2rxfymqww7sdoupeseyudk/include/llvm/IR/Instruction.h:216:12: note: 'insertBefore' has been explicitly marked deprecated here
  216 |   LLVM_ABI LLVM_DEPRECATED("Use iterators as instruction positions",
      |            ^
/home/jf01/dev/spack/opt/spack/linux-skylake/llvm-21.1.1-lddocxymon2rxfymqww7sdoupeseyudk/include/llvm/Support/Compiler.h:250:50: note: expanded from macro 'LLVM_DEPRECATED'
  250 | #define LLVM_DEPRECATED(MSG, FIX) __attribute__((deprecated(MSG, FIX)))
      |                                                  ^
In file included from /home/jf01/dev/Enzyme/enzyme/Enzyme/TypeAnalysis/TypeAnalysis.cpp:54:
In file included from /home/jf01/dev/Enzyme/enzyme/Enzyme/TypeAnalysis/../EnzymeLogic.h:47:
In file included from /home/jf01/dev/Enzyme/enzyme/Enzyme/TypeAnalysis/../ActivityAnalysis.h:49:
In file included from /home/jf01/dev/Enzyme/enzyme/Enzyme/TypeAnalysis/../TypeAnalysis/TypeAnalysis.h:56:
/home/jf01/dev/Enzyme/enzyme/Enzyme/TypeAnalysis/../TypeAnalysis/../Utils.h:2528:13: warning: 'static' function 'anyJuliaObjects' declared in header file should be declared 'static inline' [-Wunneeded-internal-declaration]
 2528 | static bool anyJuliaObjects(llvm::Type *T) {
      |             ^~~~~~~~~~~~~~~
/home/jf01/dev/Enzyme/enzyme/Enzyme/TypeAnalysis/../TypeAnalysis/../Utils.h:2556:13: warning: unused function 'hasTerminator' [-Wunused-function]
 2556 | static bool hasTerminator(llvm::BasicBlock *BB) {
      |             ^~~~~~~~~~~~~
4 warnings generated.
[34/39] Building CXX object Enzyme/CMakeFiles/LLVMEnzyme-21.dir/Enzyme.cpp.o
/home/jf01/dev/Enzyme/enzyme/Enzyme/Enzyme.cpp:350:55: warning: 'getFirstNonPHI' is deprecated: Use iterators as instruction positions instead [-Wdeprecated-declarations]
  350 |     IRBuilder<> EB(CI->getFunction()->getEntryBlock().getFirstNonPHI());
      |                                                       ^~~~~~~~~~~~~~
      |                                                       getFirstNonPHIIt
/home/jf01/dev/spack/opt/spack/linux-skylake/llvm-21.1.1-lddocxymon2rxfymqww7sdoupeseyudk/include/llvm/IR/BasicBlock.h:283:12: note: 'getFirstNonPHI' has been explicitly marked deprecated here
  283 |   LLVM_ABI LLVM_DEPRECATED("Use iterators as instruction positions instead",
      |            ^
/home/jf01/dev/spack/opt/spack/linux-skylake/llvm-21.1.1-lddocxymon2rxfymqww7sdoupeseyudk/include/llvm/Support/Compiler.h:250:50: note: expanded from macro 'LLVM_DEPRECATED'
  250 | #define LLVM_DEPRECATED(MSG, FIX) __attribute__((deprecated(MSG, FIX)))
      |                                                  ^
/home/jf01/dev/Enzyme/enzyme/Enzyme/Enzyme.cpp:617:34: warning: 'get' is deprecated: PointerType::get with pointee type is pending removal. Use Context overload. [-Wdeprecated-declarations]
  617 |             sretPt, PointerType::get(Ty, pty->getAddressSpace()));
      |                                  ^
/home/jf01/dev/spack/opt/spack/linux-skylake/llvm-21.1.1-lddocxymon2rxfymqww7sdoupeseyudk/include/llvm/IR/DerivedTypes.h:709:5: note: 'get' has been explicitly marked deprecated here
  709 |   [[deprecated("PointerType::get with pointee type is pending removal. Use "
      |     ^
/home/jf01/dev/Enzyme/enzyme/Enzyme/Enzyme.cpp:621:18: warning: 'insertBefore' is deprecated: Use iterators as instruction positions [-Wdeprecated-declarations]
  621 |         primalA->insertBefore(CI);
      |                  ^
/home/jf01/dev/spack/opt/spack/linux-skylake/llvm-21.1.1-lddocxymon2rxfymqww7sdoupeseyudk/include/llvm/IR/Instruction.h:216:12: note: 'insertBefore' has been explicitly marked deprecated here
  216 |   LLVM_ABI LLVM_DEPRECATED("Use iterators as instruction positions",
      |            ^
/home/jf01/dev/spack/opt/spack/linux-skylake/llvm-21.1.1-lddocxymon2rxfymqww7sdoupeseyudk/include/llvm/Support/Compiler.h:250:50: note: expanded from macro 'LLVM_DEPRECATED'
  250 | #define LLVM_DEPRECATED(MSG, FIX) __attribute__((deprecated(MSG, FIX)))
      |                                                  ^
/home/jf01/dev/Enzyme/enzyme/Enzyme/Enzyme.cpp:634:36: warning: 'get' is deprecated: PointerType::get with pointee type is pending removal. Use Context overload. [-Wdeprecated-declarations]
  634 |               sretPt, PointerType::get(Ty, pty->getAddressSpace()));
      |                                    ^
/home/jf01/dev/spack/opt/spack/linux-skylake/llvm-21.1.1-lddocxymon2rxfymqww7sdoupeseyudk/include/llvm/IR/DerivedTypes.h:709:5: note: 'get' has been explicitly marked deprecated here
  709 |   [[deprecated("PointerType::get with pointee type is pending removal. Use "
      |     ^
/home/jf01/dev/Enzyme/enzyme/Enzyme/Enzyme.cpp:641:30: warning: 'get' is deprecated: PointerType::get with pointee type is pending removal. Use Context overload. [-Wdeprecated-declarations]
  641 |                 PointerType::get(Ty, pty->getAddressSpace()), width));
      |                              ^
/home/jf01/dev/spack/opt/spack/linux-skylake/llvm-21.1.1-lddocxymon2rxfymqww7sdoupeseyudk/include/llvm/IR/DerivedTypes.h:709:5: note: 'get' has been explicitly marked deprecated here
  709 |   [[deprecated("PointerType::get with pointee type is pending removal. Use "
      |     ^
/home/jf01/dev/Enzyme/enzyme/Enzyme/Enzyme.cpp:906:26: warning: 'get' is deprecated: PointerType::get with pointee type is pending removal. Use Context overload. [-Wdeprecated-declarations]
  906 |             PointerType::get(
      |                          ^
/home/jf01/dev/spack/opt/spack/linux-skylake/llvm-21.1.1-lddocxymon2rxfymqww7sdoupeseyudk/include/llvm/IR/DerivedTypes.h:709:5: note: 'get' has been explicitly marked deprecated here
  709 |   [[deprecated("PointerType::get with pointee type is pending removal. Use "
      |     ^
/home/jf01/dev/Enzyme/enzyme/Enzyme/Enzyme.cpp:1054:41: warning: 'get' is deprecated: PointerType::get with pointee type is pending removal. Use Context overload. [-Wdeprecated-declarations]
 1054 |                   element, PointerType::get(Type::getInt8Ty(CI->getContext()),
      |                                         ^
/home/jf01/dev/spack/opt/spack/linux-skylake/llvm-21.1.1-lddocxymon2rxfymqww7sdoupeseyudk/include/llvm/IR/DerivedTypes.h:709:5: note: 'get' has been explicitly marked deprecated here
  709 |   [[deprecated("PointerType::get with pointee type is pending removal. Use "
      |     ^
/home/jf01/dev/Enzyme/enzyme/Enzyme/Enzyme.cpp:1374:41: warning: 'get' is deprecated: PointerType::get with pointee type is pending removal. Use Context overload. [-Wdeprecated-declarations]
 1374 |                   element, PointerType::get(Type::getInt8Ty(CI->getContext()),
      |                                         ^
/home/jf01/dev/spack/opt/spack/linux-skylake/llvm-21.1.1-lddocxymon2rxfymqww7sdoupeseyudk/include/llvm/IR/DerivedTypes.h:709:5: note: 'get' has been explicitly marked deprecated here
  709 |   [[deprecated("PointerType::get with pointee type is pending removal. Use "
      |     ^
/home/jf01/dev/Enzyme/enzyme/Enzyme/Enzyme.cpp:1681:32: warning: 'get' is deprecated: PointerType::get with pointee type is pending removal. Use Context overload. [-Wdeprecated-declarations]
 1681 |             tape, PointerType::get(
      |                                ^
/home/jf01/dev/spack/opt/spack/linux-skylake/llvm-21.1.1-lddocxymon2rxfymqww7sdoupeseyudk/include/llvm/IR/DerivedTypes.h:709:5: note: 'get' has been explicitly marked deprecated here
  709 |   [[deprecated("PointerType::get with pointee type is pending removal. Use "
      |     ^
/home/jf01/dev/Enzyme/enzyme/Enzyme/Enzyme.cpp:1757:30: warning: 'get' is deprecated: PointerType::get with pointee type is pending removal. Use Context overload. [-Wdeprecated-declarations]
 1757 |                 PointerType::get(
      |                              ^
/home/jf01/dev/spack/opt/spack/linux-skylake/llvm-21.1.1-lddocxymon2rxfymqww7sdoupeseyudk/include/llvm/IR/DerivedTypes.h:709:5: note: 'get' has been explicitly marked deprecated here
  709 |   [[deprecated("PointerType::get with pointee type is pending removal. Use "
      |     ^
/home/jf01/dev/Enzyme/enzyme/Enzyme/Enzyme.cpp:1896:48: warning: 'getFirstNonPHI' is deprecated: Use iterators as instruction positions instead [-Wdeprecated-declarations]
 1896 |     IRBuilder<> AllocaBuilder(CI->getParent()->getFirstNonPHI());
      |                                                ^~~~~~~~~~~~~~
      |                                                getFirstNonPHIIt
/home/jf01/dev/spack/opt/spack/linux-skylake/llvm-21.1.1-lddocxymon2rxfymqww7sdoupeseyudk/include/llvm/IR/BasicBlock.h:283:12: note: 'getFirstNonPHI' has been explicitly marked deprecated here
  283 |   LLVM_ABI LLVM_DEPRECATED("Use iterators as instruction positions instead",
      |            ^
/home/jf01/dev/spack/opt/spack/linux-skylake/llvm-21.1.1-lddocxymon2rxfymqww7sdoupeseyudk/include/llvm/Support/Compiler.h:250:50: note: expanded from macro 'LLVM_DEPRECATED'
  250 | #define LLVM_DEPRECATED(MSG, FIX) __attribute__((deprecated(MSG, FIX)))
      |                                                  ^
/home/jf01/dev/Enzyme/enzyme/Enzyme/Enzyme.cpp:2087:55: warning: 'InsertPosition' is deprecated: Use BasicBlock::iterators for insertion instead [-Wdeprecated-declarations]
 2087 |                              CallArgs, OpBundles, "", II);
      |                                                       ^~
      |                                                       BasicBlock::iterator
/home/jf01/dev/spack/opt/spack/linux-skylake/llvm-21.1.1-lddocxymon2rxfymqww7sdoupeseyudk/include/llvm/IR/Instruction.h:56:12: note: 'InsertPosition' has been explicitly marked deprecated here
   56 |   LLVM_ABI LLVM_DEPRECATED("Use BasicBlock::iterators for insertion instead",
      |            ^
/home/jf01/dev/spack/opt/spack/linux-skylake/llvm-21.1.1-lddocxymon2rxfymqww7sdoupeseyudk/include/llvm/Support/Compiler.h:250:50: note: expanded from macro 'LLVM_DEPRECATED'
  250 | #define LLVM_DEPRECATED(MSG, FIX) __attribute__((deprecated(MSG, FIX)))
      |                                                  ^
/home/jf01/dev/Enzyme/enzyme/Enzyme/Enzyme.cpp:2095:49: warning: 'InsertPosition' is deprecated: Use BasicBlock::iterators for insertion instead [-Wdeprecated-declarations]
 2095 |         BranchInst::Create(II->getNormalDest(), II);
      |                                                 ^~
      |                                                 BasicBlock::iterator
/home/jf01/dev/spack/opt/spack/linux-skylake/llvm-21.1.1-lddocxymon2rxfymqww7sdoupeseyudk/include/llvm/IR/Instruction.h:56:12: note: 'InsertPosition' has been explicitly marked deprecated here
   56 |   LLVM_ABI LLVM_DEPRECATED("Use BasicBlock::iterators for insertion instead",
      |            ^
/home/jf01/dev/spack/opt/spack/linux-skylake/llvm-21.1.1-lddocxymon2rxfymqww7sdoupeseyudk/include/llvm/Support/Compiler.h:250:50: note: expanded from macro 'LLVM_DEPRECATED'
  250 | #define LLVM_DEPRECATED(MSG, FIX) __attribute__((deprecated(MSG, FIX)))
      |                                                  ^
/home/jf01/dev/Enzyme/enzyme/Enzyme/Enzyme.cpp:2509:21: warning: 'insertBefore' is deprecated: Use iterators as instruction positions [-Wdeprecated-declarations]
 2509 |             cloned->insertBefore(B1);
      |                     ^
/home/jf01/dev/spack/opt/spack/linux-skylake/llvm-21.1.1-lddocxymon2rxfymqww7sdoupeseyudk/include/llvm/IR/Instruction.h:216:12: note: 'insertBefore' has been explicitly marked deprecated here
  216 |   LLVM_ABI LLVM_DEPRECATED("Use iterators as instruction positions",
      |            ^
/home/jf01/dev/spack/opt/spack/linux-skylake/llvm-21.1.1-lddocxymon2rxfymqww7sdoupeseyudk/include/llvm/Support/Compiler.h:250:50: note: expanded from macro 'LLVM_DEPRECATED'
  250 | #define LLVM_DEPRECATED(MSG, FIX) __attribute__((deprecated(MSG, FIX)))
      |                                                  ^
/home/jf01/dev/Enzyme/enzyme/Enzyme/Enzyme.cpp:2513:17: warning: 'moveBefore' is deprecated: Use iterators as instruction positions [-Wdeprecated-declarations]
 2513 |             CI->moveBefore(B2);
      |                 ^
/home/jf01/dev/spack/opt/spack/linux-skylake/llvm-21.1.1-lddocxymon2rxfymqww7sdoupeseyudk/include/llvm/IR/Instruction.h:245:12: note: 'moveBefore' has been explicitly marked deprecated here
  245 |   LLVM_ABI LLVM_DEPRECATED("Use iterators as instruction positions",
      |            ^
/home/jf01/dev/spack/opt/spack/linux-skylake/llvm-21.1.1-lddocxymon2rxfymqww7sdoupeseyudk/include/llvm/Support/Compiler.h:250:50: note: expanded from macro 'LLVM_DEPRECATED'
  250 | #define LLVM_DEPRECATED(MSG, FIX) __attribute__((deprecated(MSG, FIX)))
      |                                                  ^
/home/jf01/dev/Enzyme/enzyme/Enzyme/Enzyme.cpp:2516:35: warning: 'getFirstNonPHI' is deprecated: Use iterators as instruction positions instead [-Wdeprecated-declarations]
 2516 |               IRBuilder<> P(post->getFirstNonPHI());
      |                                   ^~~~~~~~~~~~~~
      |                                   getFirstNonPHIIt
/home/jf01/dev/spack/opt/spack/linux-skylake/llvm-21.1.1-lddocxymon2rxfymqww7sdoupeseyudk/include/llvm/IR/BasicBlock.h:283:12: note: 'getFirstNonPHI' has been explicitly marked deprecated here
  283 |   LLVM_ABI LLVM_DEPRECATED("Use iterators as instruction positions instead",
      |            ^
/home/jf01/dev/spack/opt/spack/linux-skylake/llvm-21.1.1-lddocxymon2rxfymqww7sdoupeseyudk/include/llvm/Support/Compiler.h:250:50: note: expanded from macro 'LLVM_DEPRECATED'
  250 | #define LLVM_DEPRECATED(MSG, FIX) __attribute__((deprecated(MSG, FIX)))
      |                                                  ^
In file included from /home/jf01/dev/Enzyme/enzyme/Enzyme/Enzyme.cpp:76:
In file included from /home/jf01/dev/Enzyme/enzyme/Enzyme/ActivityAnalysis.h:49:
In file included from /home/jf01/dev/Enzyme/enzyme/Enzyme/TypeAnalysis/TypeAnalysis.h:56:
/home/jf01/dev/Enzyme/enzyme/Enzyme/TypeAnalysis/../Utils.h:2528:13: warning: 'static' function 'anyJuliaObjects' declared in header file should be declared 'static inline' [-Wunneeded-internal-declaration]
 2528 | static bool anyJuliaObjects(llvm::Type *T) {
      |             ^~~~~~~~~~~~~~~
/home/jf01/dev/Enzyme/enzyme/Enzyme/TypeAnalysis/../Utils.h:2556:13: warning: unused function 'hasTerminator' [-Wunused-function]
 2556 | static bool hasTerminator(llvm::BasicBlock *BB) {
      |             ^~~~~~~~~~~~~
18 warnings generated.
[35/39] Building CXX object Enzyme/CMakeFiles/LLVMEnzyme-21.dir/FunctionUtils.cpp.o
/home/jf01/dev/Enzyme/enzyme/Enzyme/FunctionUtils.cpp:513:30: warning: 'get' is deprecated: PointerType::get with pointee type is pending removal. Use Context overload. [-Wdeprecated-declarations]
  513 |                 PointerType::get(StructType::get(SI->getContext(), {}), 10);
      |                              ^
/home/jf01/dev/spack/opt/spack/linux-skylake/llvm-21.1.1-lddocxymon2rxfymqww7sdoupeseyudk/include/llvm/IR/DerivedTypes.h:709:5: note: 'get' has been explicitly marked deprecated here
  709 |   [[deprecated("PointerType::get with pointee type is pending removal. Use "
      |     ^
/home/jf01/dev/Enzyme/enzyme/Enzyme/FunctionUtils.cpp:1436:45: warning: 'getFirstNonPHI' is deprecated: Use iterators as instruction positions instead [-Wdeprecated-declarations]
 1436 |       B.SetInsertPoint(II->getNormalDest()->getFirstNonPHI());
      |                                             ^~~~~~~~~~~~~~
      |                                             getFirstNonPHIIt
/home/jf01/dev/spack/opt/spack/linux-skylake/llvm-21.1.1-lddocxymon2rxfymqww7sdoupeseyudk/include/llvm/IR/BasicBlock.h:283:12: note: 'getFirstNonPHI' has been explicitly marked deprecated here
  283 |   LLVM_ABI LLVM_DEPRECATED("Use iterators as instruction positions instead",
      |            ^
/home/jf01/dev/spack/opt/spack/linux-skylake/llvm-21.1.1-lddocxymon2rxfymqww7sdoupeseyudk/include/llvm/Support/Compiler.h:250:50: note: expanded from macro 'LLVM_DEPRECATED'
  250 | #define LLVM_DEPRECATED(MSG, FIX) __attribute__((deprecated(MSG, FIX)))
      |                                                  ^
/home/jf01/dev/Enzyme/enzyme/Enzyme/FunctionUtils.cpp:1452:47: warning: 'getFirstNonPHI' is deprecated: Use iterators as instruction positions instead [-Wdeprecated-declarations]
 1452 |         B.SetInsertPoint(II->getNormalDest()->getFirstNonPHI());
      |                                               ^~~~~~~~~~~~~~
      |                                               getFirstNonPHIIt
/home/jf01/dev/spack/opt/spack/linux-skylake/llvm-21.1.1-lddocxymon2rxfymqww7sdoupeseyudk/include/llvm/IR/BasicBlock.h:283:12: note: 'getFirstNonPHI' has been explicitly marked deprecated here
  283 |   LLVM_ABI LLVM_DEPRECATED("Use iterators as instruction positions instead",
      |            ^
/home/jf01/dev/spack/opt/spack/linux-skylake/llvm-21.1.1-lddocxymon2rxfymqww7sdoupeseyudk/include/llvm/Support/Compiler.h:250:50: note: expanded from macro 'LLVM_DEPRECATED'
  250 | #define LLVM_DEPRECATED(MSG, FIX) __attribute__((deprecated(MSG, FIX)))
      |                                                  ^
/home/jf01/dev/Enzyme/enzyme/Enzyme/FunctionUtils.cpp:6470:39: warning: 'getFirstNonPHI' is deprecated: Use iterators as instruction positions instead [-Wdeprecated-declarations]
 6470 |     B.SetInsertPoint(PN->getParent()->getFirstNonPHI());
      |                                       ^~~~~~~~~~~~~~
      |                                       getFirstNonPHIIt
/home/jf01/dev/spack/opt/spack/linux-skylake/llvm-21.1.1-lddocxymon2rxfymqww7sdoupeseyudk/include/llvm/IR/BasicBlock.h:283:12: note: 'getFirstNonPHI' has been explicitly marked deprecated here
  283 |   LLVM_ABI LLVM_DEPRECATED("Use iterators as instruction positions instead",
      |            ^
/home/jf01/dev/spack/opt/spack/linux-skylake/llvm-21.1.1-lddocxymon2rxfymqww7sdoupeseyudk/include/llvm/Support/Compiler.h:250:50: note: expanded from macro 'LLVM_DEPRECATED'
  250 | #define LLVM_DEPRECATED(MSG, FIX) __attribute__((deprecated(MSG, FIX)))
      |                                                  ^
/home/jf01/dev/Enzyme/enzyme/Enzyme/FunctionUtils.cpp:6495:39: warning: 'getFirstNonPHI' is deprecated: Use iterators as instruction positions instead [-Wdeprecated-declarations]
 6495 |         auto point = PN->getParent()->getFirstNonPHI();
      |                                       ^~~~~~~~~~~~~~
      |                                       getFirstNonPHIIt
/home/jf01/dev/spack/opt/spack/linux-skylake/llvm-21.1.1-lddocxymon2rxfymqww7sdoupeseyudk/include/llvm/IR/BasicBlock.h:283:12: note: 'getFirstNonPHI' has been explicitly marked deprecated here
  283 |   LLVM_ABI LLVM_DEPRECATED("Use iterators as instruction positions instead",
      |            ^
/home/jf01/dev/spack/opt/spack/linux-skylake/llvm-21.1.1-lddocxymon2rxfymqww7sdoupeseyudk/include/llvm/Support/Compiler.h:250:50: note: expanded from macro 'LLVM_DEPRECATED'
  250 | #define LLVM_DEPRECATED(MSG, FIX) __attribute__((deprecated(MSG, FIX)))
      |                                                  ^
/home/jf01/dev/Enzyme/enzyme/Enzyme/FunctionUtils.cpp:7011:20: warning: 'moveBefore' is deprecated: Use iterators as instruction positions [-Wdeprecated-declarations]
 7011 |           (*iter)->moveBefore(br);
      |                    ^
/home/jf01/dev/spack/opt/spack/linux-skylake/llvm-21.1.1-lddocxymon2rxfymqww7sdoupeseyudk/include/llvm/IR/Instruction.h:245:12: note: 'moveBefore' has been explicitly marked deprecated here
  245 |   LLVM_ABI LLVM_DEPRECATED("Use iterators as instruction positions",
      |            ^
/home/jf01/dev/spack/opt/spack/linux-skylake/llvm-21.1.1-lddocxymon2rxfymqww7sdoupeseyudk/include/llvm/Support/Compiler.h:250:50: note: expanded from macro 'LLVM_DEPRECATED'
  250 | #define LLVM_DEPRECATED(MSG, FIX) __attribute__((deprecated(MSG, FIX)))
      |                                                  ^
/home/jf01/dev/Enzyme/enzyme/Enzyme/FunctionUtils.cpp:8463:37: warning: 'getFirstNonPHI' is deprecated: Use iterators as instruction positions instead [-Wdeprecated-declarations]
 8463 |       IRBuilder<> B(L->getHeader()->getFirstNonPHI());
      |                                     ^~~~~~~~~~~~~~
      |                                     getFirstNonPHIIt
/home/jf01/dev/spack/opt/spack/linux-skylake/llvm-21.1.1-lddocxymon2rxfymqww7sdoupeseyudk/include/llvm/IR/BasicBlock.h:283:12: note: 'getFirstNonPHI' has been explicitly marked deprecated here
  283 |   LLVM_ABI LLVM_DEPRECATED("Use iterators as instruction positions instead",
      |            ^
/home/jf01/dev/spack/opt/spack/linux-skylake/llvm-21.1.1-lddocxymon2rxfymqww7sdoupeseyudk/include/llvm/Support/Compiler.h:250:50: note: expanded from macro 'LLVM_DEPRECATED'
  250 | #define LLVM_DEPRECATED(MSG, FIX) __attribute__((deprecated(MSG, FIX)))
      |                                                  ^
In file included from /home/jf01/dev/Enzyme/enzyme/Enzyme/FunctionUtils.cpp:25:
In file included from /home/jf01/dev/Enzyme/enzyme/Enzyme/FunctionUtils.h:43:
/home/jf01/dev/Enzyme/enzyme/Enzyme/Utils.h:2528:13: warning: 'static' function 'anyJuliaObjects' declared in header file should be declared 'static inline' [-Wunneeded-internal-declaration]
 2528 | static bool anyJuliaObjects(llvm::Type *T) {
      |             ^~~~~~~~~~~~~~~
/home/jf01/dev/Enzyme/enzyme/Enzyme/Utils.h:2556:13: warning: unused function 'hasTerminator' [-Wunused-function]
 2556 | static bool hasTerminator(llvm::BasicBlock *BB) {
      |             ^~~~~~~~~~~~~
9 warnings generated.
[36/39] Building CXX object Enzyme/CMakeFiles/LLVMEnzyme-21.dir/GradientUtils.cpp.o
/home/jf01/dev/Enzyme/enzyme/Enzyme/GradientUtils.cpp:487:38: warning: 'getFirstNonPHI' is deprecated: Use iterators as instruction positions instead [-Wdeprecated-declarations]
  487 |   lbuilder.SetInsertPoint(lc.header->getFirstNonPHI());
      |                                      ^~~~~~~~~~~~~~
      |                                      getFirstNonPHIIt
/home/jf01/dev/spack/opt/spack/linux-skylake/llvm-21.1.1-lddocxymon2rxfymqww7sdoupeseyudk/include/llvm/IR/BasicBlock.h:283:12: note: 'getFirstNonPHI' has been explicitly marked deprecated here
  283 |   LLVM_ABI LLVM_DEPRECATED("Use iterators as instruction positions instead",
      |            ^
/home/jf01/dev/spack/opt/spack/linux-skylake/llvm-21.1.1-lddocxymon2rxfymqww7sdoupeseyudk/include/llvm/Support/Compiler.h:250:50: note: expanded from macro 'LLVM_DEPRECATED'
  250 | #define LLVM_DEPRECATED(MSG, FIX) __attribute__((deprecated(MSG, FIX)))
      |                                                  ^
/home/jf01/dev/Enzyme/enzyme/Enzyme/GradientUtils.cpp:5088:41: warning: 'get' is deprecated: PointerType::get with pointee type is pending removal. Use Context overload. [-Wdeprecated-declarations]
 5088 |         auto T_prjlvalue = PointerType::get(T_jlvalue, 10);
      |                                         ^
/home/jf01/dev/spack/opt/spack/linux-skylake/llvm-21.1.1-lddocxymon2rxfymqww7sdoupeseyudk/include/llvm/IR/DerivedTypes.h:709:5: note: 'get' has been explicitly marked deprecated here
  709 |   [[deprecated("PointerType::get with pointee type is pending removal. Use "
      |     ^
/home/jf01/dev/Enzyme/enzyme/Enzyme/GradientUtils.cpp:5046:28: warning: 'get' is deprecated: PointerType::get with pointee type is pending removal. Use Context overload. [-Wdeprecated-declarations]
 5046 |               PointerType::get(
      |                            ^
/home/jf01/dev/spack/opt/spack/linux-skylake/llvm-21.1.1-lddocxymon2rxfymqww7sdoupeseyudk/include/llvm/IR/DerivedTypes.h:709:5: note: 'get' has been explicitly marked deprecated here
  709 |   [[deprecated("PointerType::get with pointee type is pending removal. Use "
      |     ^
/home/jf01/dev/Enzyme/enzyme/Enzyme/GradientUtils.cpp:5054:28: warning: 'get' is deprecated: PointerType::get with pointee type is pending removal. Use Context overload. [-Wdeprecated-declarations]
 5054 |               PointerType::get(
      |                            ^
/home/jf01/dev/spack/opt/spack/linux-skylake/llvm-21.1.1-lddocxymon2rxfymqww7sdoupeseyudk/include/llvm/IR/DerivedTypes.h:709:5: note: 'get' has been explicitly marked deprecated here
  709 |   [[deprecated("PointerType::get with pointee type is pending removal. Use "
      |     ^
/home/jf01/dev/Enzyme/enzyme/Enzyme/GradientUtils.cpp:5073:31: warning: 'get' is deprecated: PointerType::get with pointee type is pending removal. Use Context overload. [-Wdeprecated-declarations]
 5073 |             ptr, PointerType::get(
      |                               ^
/home/jf01/dev/spack/opt/spack/linux-skylake/llvm-21.1.1-lddocxymon2rxfymqww7sdoupeseyudk/include/llvm/IR/DerivedTypes.h:709:5: note: 'get' has been explicitly marked deprecated here
  709 |   [[deprecated("PointerType::get with pointee type is pending removal. Use "
      |     ^
/home/jf01/dev/Enzyme/enzyme/Enzyme/GradientUtils.cpp:5077:26: warning: 'get' is deprecated: PointerType::get with pointee type is pending removal. Use Context overload. [-Wdeprecated-declarations]
 5077 |             PointerType::get(
      |                          ^
/home/jf01/dev/spack/opt/spack/linux-skylake/llvm-21.1.1-lddocxymon2rxfymqww7sdoupeseyudk/include/llvm/IR/DerivedTypes.h:709:5: note: 'get' has been explicitly marked deprecated here
  709 |   [[deprecated("PointerType::get with pointee type is pending removal. Use "
      |     ^
/home/jf01/dev/Enzyme/enzyme/Enzyme/GradientUtils.cpp:6475:48: warning: 'getFirstNonPHI' is deprecated: Use iterators as instruction positions instead [-Wdeprecated-declarations]
 6475 |         IRBuilder<> postPhi(NewV->getParent()->getFirstNonPHI());
      |                                                ^~~~~~~~~~~~~~
      |                                                getFirstNonPHIIt
/home/jf01/dev/spack/opt/spack/linux-skylake/llvm-21.1.1-lddocxymon2rxfymqww7sdoupeseyudk/include/llvm/IR/BasicBlock.h:283:12: note: 'getFirstNonPHI' has been explicitly marked deprecated here
  283 |   LLVM_ABI LLVM_DEPRECATED("Use iterators as instruction positions instead",
      |            ^
/home/jf01/dev/spack/opt/spack/linux-skylake/llvm-21.1.1-lddocxymon2rxfymqww7sdoupeseyudk/include/llvm/Support/Compiler.h:250:50: note: expanded from macro 'LLVM_DEPRECATED'
  250 | #define LLVM_DEPRECATED(MSG, FIX) __attribute__((deprecated(MSG, FIX)))
      |                                                  ^
/home/jf01/dev/Enzyme/enzyme/Enzyme/GradientUtils.cpp:9112:34: warning: 'get' is deprecated: PointerType::get with pointee type is pending removal. Use Context overload. [-Wdeprecated-declarations]
 9112 |               dsto, PointerType::get(secretty, dstaddr));
      |                                  ^
/home/jf01/dev/spack/opt/spack/linux-skylake/llvm-21.1.1-lddocxymon2rxfymqww7sdoupeseyudk/include/llvm/IR/DerivedTypes.h:709:5: note: 'get' has been explicitly marked deprecated here
  709 |   [[deprecated("PointerType::get with pointee type is pending removal. Use "
      |     ^
/home/jf01/dev/Enzyme/enzyme/Enzyme/GradientUtils.cpp:9124:34: warning: 'get' is deprecated: PointerType::get with pointee type is pending removal. Use Context overload. [-Wdeprecated-declarations]
 9124 |               srco, PointerType::get(secretty, srcaddr));
      |                                  ^
/home/jf01/dev/spack/opt/spack/linux-skylake/llvm-21.1.1-lddocxymon2rxfymqww7sdoupeseyudk/include/llvm/IR/DerivedTypes.h:709:5: note: 'get' has been explicitly marked deprecated here
  709 |   [[deprecated("PointerType::get with pointee type is pending removal. Use "
      |     ^
/home/jf01/dev/Enzyme/enzyme/Enzyme/GradientUtils.cpp:9142:55: warning: 'get' is deprecated: PointerType::get with pointee type is pending removal. Use Context overload. [-Wdeprecated-declarations]
 9142 |                                          PointerType::get(secretty, dstaddr)),
      |                                                       ^
/home/jf01/dev/spack/opt/spack/linux-skylake/llvm-21.1.1-lddocxymon2rxfymqww7sdoupeseyudk/include/llvm/IR/DerivedTypes.h:709:5: note: 'get' has been explicitly marked deprecated here
  709 |   [[deprecated("PointerType::get with pointee type is pending removal. Use "
      |     ^
/home/jf01/dev/Enzyme/enzyme/Enzyme/GradientUtils.cpp:9144:55: warning: 'get' is deprecated: PointerType::get with pointee type is pending removal. Use Context overload. [-Wdeprecated-declarations]
 9144 |                                          PointerType::get(secretty, srcaddr)),
      |                                                       ^
/home/jf01/dev/spack/opt/spack/linux-skylake/llvm-21.1.1-lddocxymon2rxfymqww7sdoupeseyudk/include/llvm/IR/DerivedTypes.h:709:5: note: 'get' has been explicitly marked deprecated here
  709 |   [[deprecated("PointerType::get with pointee type is pending removal. Use "
      |     ^
11 warnings generated.
[37/39] Building CXX object Enzyme/CMakeFiles/LLVMEnzyme-21.dir/EnzymeLogic.cpp.o
In file included from /home/jf01/dev/Enzyme/enzyme/Enzyme/EnzymeLogic.cpp:32:
In file included from /home/jf01/dev/Enzyme/enzyme/Enzyme/AdjointGenerator.h:4216:
/home/jf01/dev/Enzyme/build/Enzyme/BlasDerivatives.inc:7269:32: warning: 'get' is deprecated: PointerType::get with pointee type is pending removal. Use Context overload. [-Wdeprecated-declarations]
 7269 |           tozero, PointerType::get(Type::getInt8Ty(PT->getContext()),
      |                                ^
/home/jf01/dev/spack/opt/spack/linux-skylake/llvm-21.1.1-lddocxymon2rxfymqww7sdoupeseyudk/include/llvm/IR/DerivedTypes.h:709:5: note: 'get' has been explicitly marked deprecated here
  709 |   [[deprecated("PointerType::get with pointee type is pending removal. Use "
      |     ^
/home/jf01/dev/Enzyme/enzyme/Enzyme/EnzymeLogic.cpp:1809:13: warning: 'moveBefore' is deprecated: Use iterators as instruction positions [-Wdeprecated-declarations]
 1809 |       inst->moveBefore(&gutils->newFunc->getEntryBlock().front());
      |             ^
/home/jf01/dev/spack/opt/spack/linux-skylake/llvm-21.1.1-lddocxymon2rxfymqww7sdoupeseyudk/include/llvm/IR/Instruction.h:245:12: note: 'moveBefore' has been explicitly marked deprecated here
  245 |   LLVM_ABI LLVM_DEPRECATED("Use iterators as instruction positions",
      |            ^
/home/jf01/dev/spack/opt/spack/linux-skylake/llvm-21.1.1-lddocxymon2rxfymqww7sdoupeseyudk/include/llvm/Support/Compiler.h:250:50: note: expanded from macro 'LLVM_DEPRECATED'
  250 | #define LLVM_DEPRECATED(MSG, FIX) __attribute__((deprecated(MSG, FIX)))
      |                                                  ^
/home/jf01/dev/Enzyme/enzyme/Enzyme/EnzymeLogic.cpp:1847:53: warning: 'getFirstNonPHI' is deprecated: Use iterators as instruction positions instead [-Wdeprecated-declarations]
 1847 |               cast<Instruction>(newi)->getParent()->getFirstNonPHI());
      |                                                     ^~~~~~~~~~~~~~
      |                                                     getFirstNonPHIIt
/home/jf01/dev/spack/opt/spack/linux-skylake/llvm-21.1.1-lddocxymon2rxfymqww7sdoupeseyudk/include/llvm/IR/BasicBlock.h:283:12: note: 'getFirstNonPHI' has been explicitly marked deprecated here
  283 |   LLVM_ABI LLVM_DEPRECATED("Use iterators as instruction positions instead",
      |            ^
/home/jf01/dev/spack/opt/spack/linux-skylake/llvm-21.1.1-lddocxymon2rxfymqww7sdoupeseyudk/include/llvm/Support/Compiler.h:250:50: note: expanded from macro 'LLVM_DEPRECATED'
  250 | #define LLVM_DEPRECATED(MSG, FIX) __attribute__((deprecated(MSG, FIX)))
      |                                                  ^
/home/jf01/dev/Enzyme/enzyme/Enzyme/EnzymeLogic.cpp:2615:57: warning: 'getFirstNonPHI' is deprecated: Use iterators as instruction positions instead [-Wdeprecated-declarations]
 2615 |                   cast<Instruction>(newi)->getParent()->getFirstNonPHI());
      |                                                         ^~~~~~~~~~~~~~
      |                                                         getFirstNonPHIIt
/home/jf01/dev/spack/opt/spack/linux-skylake/llvm-21.1.1-lddocxymon2rxfymqww7sdoupeseyudk/include/llvm/IR/BasicBlock.h:283:12: note: 'getFirstNonPHI' has been explicitly marked deprecated here
  283 |   LLVM_ABI LLVM_DEPRECATED("Use iterators as instruction positions instead",
      |            ^
/home/jf01/dev/spack/opt/spack/linux-skylake/llvm-21.1.1-lddocxymon2rxfymqww7sdoupeseyudk/include/llvm/Support/Compiler.h:250:50: note: expanded from macro 'LLVM_DEPRECATED'
  250 | #define LLVM_DEPRECATED(MSG, FIX) __attribute__((deprecated(MSG, FIX)))
      |                                                  ^
/home/jf01/dev/Enzyme/enzyme/Enzyme/EnzymeLogic.cpp:2910:40: warning: 'getFirstNonPHI' is deprecated: Use iterators as instruction positions instead [-Wdeprecated-declarations]
 2910 |   IRBuilder<> ib(NewF->getEntryBlock().getFirstNonPHI());
      |                                        ^~~~~~~~~~~~~~
      |                                        getFirstNonPHIIt
/home/jf01/dev/spack/opt/spack/linux-skylake/llvm-21.1.1-lddocxymon2rxfymqww7sdoupeseyudk/include/llvm/IR/BasicBlock.h:283:12: note: 'getFirstNonPHI' has been explicitly marked deprecated here
  283 |   LLVM_ABI LLVM_DEPRECATED("Use iterators as instruction positions instead",
      |            ^
/home/jf01/dev/spack/opt/spack/linux-skylake/llvm-21.1.1-lddocxymon2rxfymqww7sdoupeseyudk/include/llvm/Support/Compiler.h:250:50: note: expanded from macro 'LLVM_DEPRECATED'
  250 | #define LLVM_DEPRECATED(MSG, FIX) __attribute__((deprecated(MSG, FIX)))
      |                                                  ^
/home/jf01/dev/Enzyme/enzyme/Enzyme/EnzymeLogic.cpp:2978:48: warning: 'getFirstNonPHI' is deprecated: Use iterators as instruction positions instead [-Wdeprecated-declarations]
 2978 |           ib.SetInsertPoint(inst->getParent()->getFirstNonPHI());
      |                                                ^~~~~~~~~~~~~~
      |                                                getFirstNonPHIIt
/home/jf01/dev/spack/opt/spack/linux-skylake/llvm-21.1.1-lddocxymon2rxfymqww7sdoupeseyudk/include/llvm/IR/BasicBlock.h:283:12: note: 'getFirstNonPHI' has been explicitly marked deprecated here
  283 |   LLVM_ABI LLVM_DEPRECATED("Use iterators as instruction positions instead",
      |            ^
/home/jf01/dev/spack/opt/spack/linux-skylake/llvm-21.1.1-lddocxymon2rxfymqww7sdoupeseyudk/include/llvm/Support/Compiler.h:250:50: note: expanded from macro 'LLVM_DEPRECATED'
  250 | #define LLVM_DEPRECATED(MSG, FIX) __attribute__((deprecated(MSG, FIX)))
      |                                                  ^
/home/jf01/dev/Enzyme/enzyme/Enzyme/EnzymeLogic.cpp:3817:32: warning: 'get' is deprecated: PointerType::get with pointee type is pending removal. Use Context overload. [-Wdeprecated-declarations]
 3817 |             tape, PointerType::get(
      |                                ^
/home/jf01/dev/spack/opt/spack/linux-skylake/llvm-21.1.1-lddocxymon2rxfymqww7sdoupeseyudk/include/llvm/IR/DerivedTypes.h:709:5: note: 'get' has been explicitly marked deprecated here
  709 |   [[deprecated("PointerType::get with pointee type is pending removal. Use "
      |     ^
/home/jf01/dev/Enzyme/enzyme/Enzyme/EnzymeLogic.cpp:4353:26: warning: 'get' is deprecated: PointerType::get with pointee type is pending removal. Use Context overload. [-Wdeprecated-declarations]
 4353 |             PointerType::get(augmenteddata->tapeType,
      |                          ^
/home/jf01/dev/spack/opt/spack/linux-skylake/llvm-21.1.1-lddocxymon2rxfymqww7sdoupeseyudk/include/llvm/IR/DerivedTypes.h:709:5: note: 'get' has been explicitly marked deprecated here
  709 |   [[deprecated("PointerType::get with pointee type is pending removal. Use "
      |     ^
/home/jf01/dev/Enzyme/enzyme/Enzyme/EnzymeLogic.cpp:5221:16: warning: 'insertBefore' is deprecated: Use iterators as instruction positions [-Wdeprecated-declarations]
 5221 |       ClonedI->insertBefore(Return);
      |                ^
/home/jf01/dev/spack/opt/spack/linux-skylake/llvm-21.1.1-lddocxymon2rxfymqww7sdoupeseyudk/include/llvm/IR/Instruction.h:216:12: note: 'insertBefore' has been explicitly marked deprecated here
  216 |   LLVM_ABI LLVM_DEPRECATED("Use iterators as instruction positions",
      |            ^
/home/jf01/dev/spack/opt/spack/linux-skylake/llvm-21.1.1-lddocxymon2rxfymqww7sdoupeseyudk/include/llvm/Support/Compiler.h:250:50: note: expanded from macro 'LLVM_DEPRECATED'
  250 | #define LLVM_DEPRECATED(MSG, FIX) __attribute__((deprecated(MSG, FIX)))
      |                                                  ^
/home/jf01/dev/Enzyme/enzyme/Enzyme/EnzymeLogic.cpp:5992:31: warning: 'getFirstNonPHI' is deprecated: Use iterators as instruction positions instead [-Wdeprecated-declarations]
 5992 |   IRBuilder<> Builder2(entry->getFirstNonPHI());
      |                               ^~~~~~~~~~~~~~
      |                               getFirstNonPHIIt
/home/jf01/dev/spack/opt/spack/linux-skylake/llvm-21.1.1-lddocxymon2rxfymqww7sdoupeseyudk/include/llvm/IR/BasicBlock.h:283:12: note: 'getFirstNonPHI' has been explicitly marked deprecated here
  283 |   LLVM_ABI LLVM_DEPRECATED("Use iterators as instruction positions instead",
      |            ^
/home/jf01/dev/spack/opt/spack/linux-skylake/llvm-21.1.1-lddocxymon2rxfymqww7sdoupeseyudk/include/llvm/Support/Compiler.h:250:50: note: expanded from macro 'LLVM_DEPRECATED'
  250 | #define LLVM_DEPRECATED(MSG, FIX) __attribute__((deprecated(MSG, FIX)))
      |                                                  ^
In file included from /home/jf01/dev/Enzyme/enzyme/Enzyme/EnzymeLogic.cpp:30:
In file included from /home/jf01/dev/Enzyme/enzyme/Enzyme/EnzymeLogic.h:47:
In file included from /home/jf01/dev/Enzyme/enzyme/Enzyme/ActivityAnalysis.h:49:
In file included from /home/jf01/dev/Enzyme/enzyme/Enzyme/TypeAnalysis/TypeAnalysis.h:56:
/home/jf01/dev/Enzyme/enzyme/Enzyme/TypeAnalysis/../Utils.h:2528:13: warning: 'static' function 'anyJuliaObjects' declared in header file should be declared 'static inline' [-Wunneeded-internal-declaration]
 2528 | static bool anyJuliaObjects(llvm::Type *T) {
      |             ^~~~~~~~~~~~~~~
/home/jf01/dev/Enzyme/enzyme/Enzyme/TypeAnalysis/../Utils.h:2556:13: warning: unused function 'hasTerminator' [-Wunused-function]
 2556 | static bool hasTerminator(llvm::BasicBlock *BB) {
      |             ^~~~~~~~~~~~~
12 warnings generated.
[38/39] Building CXX object Enzyme/CMakeFiles/LLVMEnzyme-21.dir/CallDerivatives.cpp.o
In file included from /home/jf01/dev/Enzyme/enzyme/Enzyme/CallDerivatives.cpp:27:
In file included from /home/jf01/dev/Enzyme/enzyme/Enzyme/AdjointGenerator.h:4216:
/home/jf01/dev/Enzyme/build/Enzyme/BlasDerivatives.inc:7269:32: warning: 'get' is deprecated: PointerType::get with pointee type is pending removal. Use Context overload. [-Wdeprecated-declarations]
 7269 |           tozero, PointerType::get(Type::getInt8Ty(PT->getContext()),
      |                                ^
/home/jf01/dev/spack/opt/spack/linux-skylake/llvm-21.1.1-lddocxymon2rxfymqww7sdoupeseyudk/include/llvm/IR/DerivedTypes.h:709:5: note: 'get' has been explicitly marked deprecated here
  709 |   [[deprecated("PointerType::get with pointee type is pending removal. Use "
      |     ^
In file included from /home/jf01/dev/Enzyme/enzyme/Enzyme/CallDerivatives.cpp:27:
In file included from /home/jf01/dev/Enzyme/enzyme/Enzyme/AdjointGenerator.h:42:
In file included from /home/jf01/dev/Enzyme/enzyme/Enzyme/DiffeGradientUtils.h:31:
In file included from /home/jf01/dev/Enzyme/enzyme/Enzyme/GradientUtils.h:68:
In file included from /home/jf01/dev/Enzyme/enzyme/Enzyme/ActivityAnalysis.h:49:
In file included from /home/jf01/dev/Enzyme/enzyme/Enzyme/TypeAnalysis/TypeAnalysis.h:56:
/home/jf01/dev/Enzyme/enzyme/Enzyme/TypeAnalysis/../Utils.h:2528:13: warning: 'static' function 'anyJuliaObjects' declared in header file should be declared 'static inline' [-Wunneeded-internal-declaration]
 2528 | static bool anyJuliaObjects(llvm::Type *T) {
      |             ^~~~~~~~~~~~~~~
/home/jf01/dev/Enzyme/enzyme/Enzyme/TypeAnalysis/../Utils.h:2556:13: warning: unused function 'hasTerminator' [-Wunused-function]
 2556 | static bool hasTerminator(llvm::BasicBlock *BB) {
      |             ^~~~~~~~~~~~~
3 warnings generated.
[39/39] Linking CXX shared module Enzyme/LLVMEnzyme-21.so
[0/2] Re-checking globbed directories...
[1/7] Building Fortran preprocessed Fortran/CMakeFiles/EnzymeFortran.dir/enzyme_function_hooks.f90-pp.f90
[2/7] Building Fortran preprocessed Fortran/CMakeFiles/EnzymeFortran.dir/enzyme.f90-pp.f90
[3/7] Generating Fortran dyndep file Fortran/CMakeFiles/EnzymeFortran.dir/Fortran.dd
[4/7] Building Fortran object Fortran/CMakeFiles/EnzymeFortran.dir/enzyme_function_hooks.f90.o
[5/7] Building Fortran object Fortran/CMakeFiles/EnzymeFortran.dir/enzyme.f90.o
[6/7] Linking Fortran shared library Fortran/libEnzymeFortran.so
[6/7] Running enzyme fortran integration tests
-- Testing: 6 tests, 6 workers --
Testing: 
FAIL: Enzyme :: Fortran/ForwardMode/allocatableArraySimple_with_bindings.f90 (1 of 6)
******************** TEST 'Enzyme :: Fortran/ForwardMode/allocatableArraySimple_with_bindings.f90' FAILED ********************
Exit Code: 134

Command Output (stderr):
--
RUN: at line 1: if [[ ifx != ifx ]]; then ifx -flto -O0 -c -I/home/jf01/dev/Enzyme/build/modules /home/jf01/dev/Enzyme/enzyme/test/Fortran/ForwardMode/allocatableArraySimple_with_bindings.f90 -o /dev/stdout | /home/jf01/dev/spack/opt/spack/linux-skylake/llvm-21.1.1-lddocxymon2rxfymqww7sdoupeseyudk/bin/opt  -load-pass-plugin=/home/jf01/dev/Enzyme/build/Enzyme/LLVMEnzyme-21.so -load=/home/jf01/dev/Enzyme/build/Enzyme/LLVMEnzyme-21.so --enzyme-attributor=0 -passes="enzyme" -o /dev/stdout | /home/jf01/dev/spack/opt/spack/linux-skylake/llvm-21.1.1-lddocxymon2rxfymqww7sdoupeseyudk/bin/opt -O0 -S -o /home/jf01/dev/Enzyme/build/test/Fortran/ForwardMode/Output/allocatableArraySimple_with_bindings.f90.tmp.ll && ifx -flto -O0 /home/jf01/dev/Enzyme/build/test/Fortran/ForwardMode/Output/allocatableArraySimple_with_bindings.f90.tmp.ll -o /home/jf01/dev/Enzyme/build/test/Fortran/ForwardMode/Output/allocatableArraySimple_with_bindings.f90.tmp1 && /home/jf01/dev/Enzyme/build/test/Fortran/ForwardMode/Output/allocatableArraySimple_with_bindings.f90.tmp1 | FileCheck /home/jf01/dev/Enzyme/enzyme/test/Fortran/ForwardMode/allocatableArraySimple_with_bindings.f90; fi
+ [[ ifx != ifx ]]
RUN: at line 2: ifx -flto -O1 -c -I/home/jf01/dev/Enzyme/build/modules /home/jf01/dev/Enzyme/enzyme/test/Fortran/ForwardMode/allocatableArraySimple_with_bindings.f90 -o /dev/stdout | /home/jf01/dev/spack/opt/spack/linux-skylake/llvm-21.1.1-lddocxymon2rxfymqww7sdoupeseyudk/bin/opt  -load-pass-plugin=/home/jf01/dev/Enzyme/build/Enzyme/LLVMEnzyme-21.so -load=/home/jf01/dev/Enzyme/build/Enzyme/LLVMEnzyme-21.so --enzyme-attributor=0 -passes="enzyme" -o /dev/stdout | /home/jf01/dev/spack/opt/spack/linux-skylake/llvm-21.1.1-lddocxymon2rxfymqww7sdoupeseyudk/bin/opt -O1 -S -o /home/jf01/dev/Enzyme/build/test/Fortran/ForwardMode/Output/allocatableArraySimple_with_bindings.f90.tmp.ll && ifx -flto -O1 /home/jf01/dev/Enzyme/build/test/Fortran/ForwardMode/Output/allocatableArraySimple_with_bindings.f90.tmp.ll -o /home/jf01/dev/Enzyme/build/test/Fortran/ForwardMode/Output/allocatableArraySimple_with_bindings.f90.tmp1 && /home/jf01/dev/Enzyme/build/test/Fortran/ForwardMode/Output/allocatableArraySimple_with_bindings.f90.tmp1 | FileCheck /home/jf01/dev/Enzyme/enzyme/test/Fortran/ForwardMode/allocatableArraySimple_with_bindings.f90
+ ifx -flto -O1 -c -I/home/jf01/dev/Enzyme/build/modules /home/jf01/dev/Enzyme/enzyme/test/Fortran/ForwardMode/allocatableArraySimple_with_bindings.f90 -o /dev/stdout
+ /home/jf01/dev/spack/opt/spack/linux-skylake/llvm-21.1.1-lddocxymon2rxfymqww7sdoupeseyudk/bin/opt -load-pass-plugin=/home/jf01/dev/Enzyme/build/Enzyme/LLVMEnzyme-21.so -load=/home/jf01/dev/Enzyme/build/Enzyme/LLVMEnzyme-21.so --enzyme-attributor=0 -passes=enzyme -o /dev/stdout
+ /home/jf01/dev/spack/opt/spack/linux-skylake/llvm-21.1.1-lddocxymon2rxfymqww7sdoupeseyudk/bin/opt -O1 -S -o /home/jf01/dev/Enzyme/build/test/Fortran/ForwardMode/Output/allocatableArraySimple_with_bindings.f90.tmp.ll
+ ifx -flto -O1 /home/jf01/dev/Enzyme/build/test/Fortran/ForwardMode/Output/allocatableArraySimple_with_bindings.f90.tmp.ll -o /home/jf01/dev/Enzyme/build/test/Fortran/ForwardMode/Output/allocatableArraySimple_with_bindings.f90.tmp1
+ FileCheck /home/jf01/dev/Enzyme/enzyme/test/Fortran/ForwardMode/allocatableArraySimple_with_bindings.f90
+ /home/jf01/dev/Enzyme/build/test/Fortran/ForwardMode/Output/allocatableArraySimple_with_bindings.f90.tmp1
RUN: at line 3: ifx -flto -O2 -c -I/home/jf01/dev/Enzyme/build/modules /home/jf01/dev/Enzyme/enzyme/test/Fortran/ForwardMode/allocatableArraySimple_with_bindings.f90 -o /dev/stdout | /home/jf01/dev/spack/opt/spack/linux-skylake/llvm-21.1.1-lddocxymon2rxfymqww7sdoupeseyudk/bin/opt  -load-pass-plugin=/home/jf01/dev/Enzyme/build/Enzyme/LLVMEnzyme-21.so -load=/home/jf01/dev/Enzyme/build/Enzyme/LLVMEnzyme-21.so --enzyme-attributor=0 -passes="enzyme" -o /dev/stdout | /home/jf01/dev/spack/opt/spack/linux-skylake/llvm-21.1.1-lddocxymon2rxfymqww7sdoupeseyudk/bin/opt -O2 -S -o /home/jf01/dev/Enzyme/build/test/Fortran/ForwardMode/Output/allocatableArraySimple_with_bindings.f90.tmp.ll && ifx -flto -O2 /home/jf01/dev/Enzyme/build/test/Fortran/ForwardMode/Output/allocatableArraySimple_with_bindings.f90.tmp.ll -o /home/jf01/dev/Enzyme/build/test/Fortran/ForwardMode/Output/allocatableArraySimple_with_bindings.f90.tmp1 && /home/jf01/dev/Enzyme/build/test/Fortran/ForwardMode/Output/allocatableArraySimple_with_bindings.f90.tmp1 | FileCheck /home/jf01/dev/Enzyme/enzyme/test/Fortran/ForwardMode/allocatableArraySimple_with_bindings.f90
+ ifx -flto -O2 -c -I/home/jf01/dev/Enzyme/build/modules /home/jf01/dev/Enzyme/enzyme/test/Fortran/ForwardMode/allocatableArraySimple_with_bindings.f90 -o /dev/stdout
+ /home/jf01/dev/spack/opt/spack/linux-skylake/llvm-21.1.1-lddocxymon2rxfymqww7sdoupeseyudk/bin/opt -load-pass-plugin=/home/jf01/dev/Enzyme/build/Enzyme/LLVMEnzyme-21.so -load=/home/jf01/dev/Enzyme/build/Enzyme/LLVMEnzyme-21.so --enzyme-attributor=0 -passes=enzyme -o /dev/stdout
+ /home/jf01/dev/spack/opt/spack/linux-skylake/llvm-21.1.1-lddocxymon2rxfymqww7sdoupeseyudk/bin/opt -O2 -S -o /home/jf01/dev/Enzyme/build/test/Fortran/ForwardMode/Output/allocatableArraySimple_with_bindings.f90.tmp.ll
opt: /home/jf01/dev/Enzyme/enzyme/Enzyme/TypeAnalysis/TypeAnalysis.cpp:4535: void analyzeIntelSubscriptIntrinsic(IntrinsicInst &, TypeAnalyzer &): Assertion `II.arg_size() == 5' failed.
PLEASE submit a bug report to https://github.com/llvm/llvm-project/issues/ and include the crash backtrace.
Stack dump:
0.	Program arguments: /home/jf01/dev/spack/opt/spack/linux-skylake/llvm-21.1.1-lddocxymon2rxfymqww7sdoupeseyudk/bin/opt -load-pass-plugin=/home/jf01/dev/Enzyme/build/Enzyme/LLVMEnzyme-21.so -load=/home/jf01/dev/Enzyme/build/Enzyme/LLVMEnzyme-21.so --enzyme-attributor=0 -passes=enzyme -o /dev/stdout
1.	Running pass "EnzymeNewPM" on module "<stdin>"
 #0 0x00005c9de0426055 llvm::sys::PrintStackTrace(llvm::raw_ostream&, int) (/home/jf01/dev/spack/opt/spack/linux-skylake/llvm-21.1.1-lddocxymon2rxfymqww7sdoupeseyudk/bin/opt+0x57a6055)
 #1 0x00005c9de0422862 SignalHandler(int, siginfo_t*, void*) Signals.cpp:0:0
 #2 0x00007096b3245330 (/lib/x86_64-linux-gnu/libc.so.6+0x45330)
 #3 0x00007096b329eb2c __pthread_kill_implementation ./nptl/pthread_kill.c:44:76
 #4 0x00007096b329eb2c __pthread_kill_internal ./nptl/pthread_kill.c:78:10
 #5 0x00007096b329eb2c pthread_kill ./nptl/pthread_kill.c:89:10
 #6 0x00007096b324527e raise ./signal/../sysdeps/posix/raise.c:27:6
 #7 0x00007096b32288ff abort ./stdlib/abort.c:81:7
 #8 0x00007096b322881b _nl_load_domain ./intl/loadmsgcat.c:1177:9
 #9 0x00007096b323b517 (/lib/x86_64-linux-gnu/libc.so.6+0x3b517)
#10 0x00007096b2e870a2 analyzeIntelSubscriptIntrinsic(llvm::IntrinsicInst&, TypeAnalyzer&) (/home/jf01/dev/Enzyme/build/Enzyme/LLVMEnzyme-21.so+0x6870a2)
#11 0x00007096b2e5b258 TypeAnalyzer::visitCallBase(llvm::CallBase&) (/home/jf01/dev/Enzyme/build/Enzyme/LLVMEnzyme-21.so+0x65b258)
#12 0x00007096b2e6cf55 TypeAnalyzer::visitValue(llvm::Value&) (/home/jf01/dev/Enzyme/build/Enzyme/LLVMEnzyme-21.so+0x66cf55)
#13 0x00007096b2e6c73b TypeAnalyzer::run() (/home/jf01/dev/Enzyme/build/Enzyme/LLVMEnzyme-21.so+0x66c73b)
#14 0x00007096b2e8792f TypeAnalysis::analyzeFunction(FnTypeInfo const&) (/home/jf01/dev/Enzyme/build/Enzyme/LLVMEnzyme-21.so+0x68792f)
#15 0x00007096b2c43bc6 (anonymous namespace)::EnzymeBase::HandleAutoDiff(llvm::Instruction*, unsigned int, llvm::Value*, llvm::Type*, llvm::SmallVectorImpl<llvm::Value*>&, std::map<int, llvm::Type*, std::less<int>, std::allocator<std::pair<int const, llvm::Type*>>> const&, std::vector<DIFFE_TYPE, std::allocator<DIFFE_TYPE>> const&, llvm::Function*, DerivativeMode, (anonymous namespace)::EnzymeBase::Options&, bool, llvm::SmallVectorImpl<llvm::CallInst*>&) Enzyme.cpp:0:0
#16 0x00007096b2c3df71 (anonymous namespace)::EnzymeBase::HandleAutoDiffArguments(llvm::CallInst*, DerivativeMode, bool, llvm::SmallVectorImpl<llvm::CallInst*>&) Enzyme.cpp:0:0
#17 0x00007096b2c396c9 (anonymous namespace)::EnzymeBase::lowerEnzymeCalls(llvm::Function&, std::set<llvm::Function*, std::less<llvm::Function*>, std::allocator<llvm::Function*>>&) Enzyme.cpp:0:0
#18 0x00007096b2c33f1c (anonymous namespace)::EnzymeBase::run(llvm::Module&) Enzyme.cpp:0:0
#19 0x00007096b2c5eb60 llvm::detail::PassModel<llvm::Module, EnzymeNewPM, llvm::AnalysisManager<llvm::Module>>::run(llvm::Module&, llvm::AnalysisManager<llvm::Module>&) (/home/jf01/dev/Enzyme/build/Enzyme/LLVMEnzyme-21.so+0x45eb60)
#20 0x00005c9de01e66dc llvm::PassManager<llvm::Module, llvm::AnalysisManager<llvm::Module>>::run(llvm::Module&, llvm::AnalysisManager<llvm::Module>&) (/home/jf01/dev/spack/opt/spack/linux-skylake/llvm-21.1.1-lddocxymon2rxfymqww7sdoupeseyudk/bin/opt+0x55666dc)
#21 0x00005c9ddb998dbe llvm::runPassPipeline(llvm::StringRef, llvm::Module&, llvm::TargetMachine*, llvm::TargetLibraryInfoImpl*, llvm::ToolOutputFile*, llvm::ToolOutputFile*, llvm::ToolOutputFile*, llvm::StringRef, llvm::ArrayRef<llvm::PassPlugin>, llvm::ArrayRef<std::function<void (llvm::PassBuilder&)>>, llvm::opt_tool::OutputKind, llvm::opt_tool::VerifierKind, bool, bool, bool, bool, bool, bool, bool) (/home/jf01/dev/spack/opt/spack/linux-skylake/llvm-21.1.1-lddocxymon2rxfymqww7sdoupeseyudk/bin/opt+0xd18dbe)
#22 0x00005c9ddb98b6d3 optMain (/home/jf01/dev/spack/opt/spack/linux-skylake/llvm-21.1.1-lddocxymon2rxfymqww7sdoupeseyudk/bin/opt+0xd0b6d3)
#23 0x00007096b322a1ca __libc_start_call_main ./csu/../sysdeps/nptl/libc_start_call_main.h:74:3
#24 0x00007096b322a28b call_init ./csu/../csu/libc-start.c:128:20
#25 0x00007096b322a28b __libc_start_main ./csu/../csu/libc-start.c:347:5
#26 0x00005c9ddb9811f5 _start (/home/jf01/dev/spack/opt/spack/linux-skylake/llvm-21.1.1-lddocxymon2rxfymqww7sdoupeseyudk/bin/opt+0xd011f5)
/home/jf01/dev/Enzyme/build/test/Fortran/ForwardMode/Output/allocatableArraySimple_with_bindings.f90.script: line 4: 397829 Done                    ifx -flto -O2 -c -I/home/jf01/dev/Enzyme/build/modules /home/jf01/dev/Enzyme/enzyme/test/Fortran/ForwardMode/allocatableArraySimple_with_bindings.f90 -o /dev/stdout
     397830 Aborted                 (core dumped) | /home/jf01/dev/spack/opt/spack/linux-skylake/llvm-21.1.1-lddocxymon2rxfymqww7sdoupeseyudk/bin/opt -load-pass-plugin=/home/jf01/dev/Enzyme/build/Enzyme/LLVMEnzyme-21.so -load=/home/jf01/dev/Enzyme/build/Enzyme/LLVMEnzyme-21.so --enzyme-attributor=0 -passes="enzyme" -o /dev/stdout
     397831                       | /home/jf01/dev/spack/opt/spack/linux-skylake/llvm-21.1.1-lddocxymon2rxfymqww7sdoupeseyudk/bin/opt -O2 -S -o /home/jf01/dev/Enzyme/build/test/Fortran/ForwardMode/Output/allocatableArraySimple_with_bindings.f90.tmp.ll

--

********************
Testing:  0.. 10.
FAIL: Enzyme :: Fortran/ReverseMode/allocatableArraySimple_with_bindings.f90 (2 of 6)
******************** TEST 'Enzyme :: Fortran/ReverseMode/allocatableArraySimple_with_bindings.f90' FAILED ********************
Exit Code: 134

Command Output (stderr):
--
RUN: at line 2: if [[ ifx != ifx ]]; then ifx -flto -O0 -c -I/home/jf01/dev/Enzyme/build/modules /home/jf01/dev/Enzyme/enzyme/test/Fortran/ReverseMode/allocatableArraySimple_with_bindings.f90 -o /dev/stdout | /home/jf01/dev/spack/opt/spack/linux-skylake/llvm-21.1.1-lddocxymon2rxfymqww7sdoupeseyudk/bin/opt  -load-pass-plugin=/home/jf01/dev/Enzyme/build/Enzyme/LLVMEnzyme-21.so -load=/home/jf01/dev/Enzyme/build/Enzyme/LLVMEnzyme-21.so --enzyme-attributor=0 -passes="enzyme" -o /dev/stdout | /home/jf01/dev/spack/opt/spack/linux-skylake/llvm-21.1.1-lddocxymon2rxfymqww7sdoupeseyudk/bin/opt -O0 -S -o /home/jf01/dev/Enzyme/build/test/Fortran/ReverseMode/Output/allocatableArraySimple_with_bindings.f90.tmp.ll && ifx -flto -O0 /home/jf01/dev/Enzyme/build/test/Fortran/ReverseMode/Output/allocatableArraySimple_with_bindings.f90.tmp.ll -o /home/jf01/dev/Enzyme/build/test/Fortran/ReverseMode/Output/allocatableArraySimple_with_bindings.f90.tmp1 && /home/jf01/dev/Enzyme/build/test/Fortran/ReverseMode/Output/allocatableArraySimple_with_bindings.f90.tmp1 | FileCheck /home/jf01/dev/Enzyme/enzyme/test/Fortran/ReverseMode/allocatableArraySimple_with_bindings.f90; fi
+ [[ ifx != ifx ]]
RUN: at line 3: ifx -flto -O1 -c -I/home/jf01/dev/Enzyme/build/modules /home/jf01/dev/Enzyme/enzyme/test/Fortran/ReverseMode/allocatableArraySimple_with_bindings.f90 -o /dev/stdout | /home/jf01/dev/spack/opt/spack/linux-skylake/llvm-21.1.1-lddocxymon2rxfymqww7sdoupeseyudk/bin/opt  -load-pass-plugin=/home/jf01/dev/Enzyme/build/Enzyme/LLVMEnzyme-21.so -load=/home/jf01/dev/Enzyme/build/Enzyme/LLVMEnzyme-21.so --enzyme-attributor=0 -passes="enzyme" -o /dev/stdout | /home/jf01/dev/spack/opt/spack/linux-skylake/llvm-21.1.1-lddocxymon2rxfymqww7sdoupeseyudk/bin/opt -O1 -S -o /home/jf01/dev/Enzyme/build/test/Fortran/ReverseMode/Output/allocatableArraySimple_with_bindings.f90.tmp.ll && ifx -flto -O1 /home/jf01/dev/Enzyme/build/test/Fortran/ReverseMode/Output/allocatableArraySimple_with_bindings.f90.tmp.ll -o /home/jf01/dev/Enzyme/build/test/Fortran/ReverseMode/Output/allocatableArraySimple_with_bindings.f90.tmp1 && /home/jf01/dev/Enzyme/build/test/Fortran/ReverseMode/Output/allocatableArraySimple_with_bindings.f90.tmp1 | FileCheck /home/jf01/dev/Enzyme/enzyme/test/Fortran/ReverseMode/allocatableArraySimple_with_bindings.f90
+ ifx -flto -O1 -c -I/home/jf01/dev/Enzyme/build/modules /home/jf01/dev/Enzyme/enzyme/test/Fortran/ReverseMode/allocatableArraySimple_with_bindings.f90 -o /dev/stdout
+ /home/jf01/dev/spack/opt/spack/linux-skylake/llvm-21.1.1-lddocxymon2rxfymqww7sdoupeseyudk/bin/opt -O1 -S -o /home/jf01/dev/Enzyme/build/test/Fortran/ReverseMode/Output/allocatableArraySimple_with_bindings.f90.tmp.ll
+ /home/jf01/dev/spack/opt/spack/linux-skylake/llvm-21.1.1-lddocxymon2rxfymqww7sdoupeseyudk/bin/opt -load-pass-plugin=/home/jf01/dev/Enzyme/build/Enzyme/LLVMEnzyme-21.so -load=/home/jf01/dev/Enzyme/build/Enzyme/LLVMEnzyme-21.so --enzyme-attributor=0 -passes=enzyme -o /dev/stdout
+ ifx -flto -O1 /home/jf01/dev/Enzyme/build/test/Fortran/ReverseMode/Output/allocatableArraySimple_with_bindings.f90.tmp.ll -o /home/jf01/dev/Enzyme/build/test/Fortran/ReverseMode/Output/allocatableArraySimple_with_bindings.f90.tmp1
+ FileCheck /home/jf01/dev/Enzyme/enzyme/test/Fortran/ReverseMode/allocatableArraySimple_with_bindings.f90
+ /home/jf01/dev/Enzyme/build/test/Fortran/ReverseMode/Output/allocatableArraySimple_with_bindings.f90.tmp1
RUN: at line 4: ifx -flto -O2 -c -I/home/jf01/dev/Enzyme/build/modules /home/jf01/dev/Enzyme/enzyme/test/Fortran/ReverseMode/allocatableArraySimple_with_bindings.f90 -o /dev/stdout | /home/jf01/dev/spack/opt/spack/linux-skylake/llvm-21.1.1-lddocxymon2rxfymqww7sdoupeseyudk/bin/opt  -load-pass-plugin=/home/jf01/dev/Enzyme/build/Enzyme/LLVMEnzyme-21.so -load=/home/jf01/dev/Enzyme/build/Enzyme/LLVMEnzyme-21.so --enzyme-attributor=0 -passes="enzyme" -o /dev/stdout | /home/jf01/dev/spack/opt/spack/linux-skylake/llvm-21.1.1-lddocxymon2rxfymqww7sdoupeseyudk/bin/opt -O2 -S -o /home/jf01/dev/Enzyme/build/test/Fortran/ReverseMode/Output/allocatableArraySimple_with_bindings.f90.tmp.ll && ifx -flto -O2 /home/jf01/dev/Enzyme/build/test/Fortran/ReverseMode/Output/allocatableArraySimple_with_bindings.f90.tmp.ll -o /home/jf01/dev/Enzyme/build/test/Fortran/ReverseMode/Output/allocatableArraySimple_with_bindings.f90.tmp1 && /home/jf01/dev/Enzyme/build/test/Fortran/ReverseMode/Output/allocatableArraySimple_with_bindings.f90.tmp1 | FileCheck /home/jf01/dev/Enzyme/enzyme/test/Fortran/ReverseMode/allocatableArraySimple_with_bindings.f90
+ ifx -flto -O2 -c -I/home/jf01/dev/Enzyme/build/modules /home/jf01/dev/Enzyme/enzyme/test/Fortran/ReverseMode/allocatableArraySimple_with_bindings.f90 -o /dev/stdout
+ /home/jf01/dev/spack/opt/spack/linux-skylake/llvm-21.1.1-lddocxymon2rxfymqww7sdoupeseyudk/bin/opt -load-pass-plugin=/home/jf01/dev/Enzyme/build/Enzyme/LLVMEnzyme-21.so -load=/home/jf01/dev/Enzyme/build/Enzyme/LLVMEnzyme-21.so --enzyme-attributor=0 -passes=enzyme -o /dev/stdout
+ /home/jf01/dev/spack/opt/spack/linux-skylake/llvm-21.1.1-lddocxymon2rxfymqww7sdoupeseyudk/bin/opt -O2 -S -o /home/jf01/dev/Enzyme/build/test/Fortran/ReverseMode/Output/allocatableArraySimple_with_bindings.f90.tmp.ll
opt: /home/jf01/dev/Enzyme/enzyme/Enzyme/TypeAnalysis/TypeAnalysis.cpp:4535: void analyzeIntelSubscriptIntrinsic(IntrinsicInst &, TypeAnalyzer &): Assertion `II.arg_size() == 5' failed.
PLEASE submit a bug report to https://github.com/llvm/llvm-project/issues/ and include the crash backtrace.
Stack dump:
0.	Program arguments: /home/jf01/dev/spack/opt/spack/linux-skylake/llvm-21.1.1-lddocxymon2rxfymqww7sdoupeseyudk/bin/opt -load-pass-plugin=/home/jf01/dev/Enzyme/build/Enzyme/LLVMEnzyme-21.so -load=/home/jf01/dev/Enzyme/build/Enzyme/LLVMEnzyme-21.so --enzyme-attributor=0 -passes=enzyme -o /dev/stdout
1.	Running pass "EnzymeNewPM" on module "<stdin>"
 #0 0x0000556df9f72055 llvm::sys::PrintStackTrace(llvm::raw_ostream&, int) (/home/jf01/dev/spack/opt/spack/linux-skylake/llvm-21.1.1-lddocxymon2rxfymqww7sdoupeseyudk/bin/opt+0x57a6055)
 #1 0x0000556df9f6e862 SignalHandler(int, siginfo_t*, void*) Signals.cpp:0:0
 #2 0x000077d7a8445330 (/lib/x86_64-linux-gnu/libc.so.6+0x45330)
 #3 0x000077d7a849eb2c __pthread_kill_implementation ./nptl/pthread_kill.c:44:76
 #4 0x000077d7a849eb2c __pthread_kill_internal ./nptl/pthread_kill.c:78:10
 #5 0x000077d7a849eb2c pthread_kill ./nptl/pthread_kill.c:89:10
 #6 0x000077d7a844527e raise ./signal/../sysdeps/posix/raise.c:27:6
 #7 0x000077d7a84288ff abort ./stdlib/abort.c:81:7
 #8 0x000077d7a842881b _nl_load_domain ./intl/loadmsgcat.c:1177:9
 #9 0x000077d7a843b517 (/lib/x86_64-linux-gnu/libc.so.6+0x3b517)
#10 0x000077d7a80870a2 analyzeIntelSubscriptIntrinsic(llvm::IntrinsicInst&, TypeAnalyzer&) (/home/jf01/dev/Enzyme/build/Enzyme/LLVMEnzyme-21.so+0x6870a2)
#11 0x000077d7a805b258 TypeAnalyzer::visitCallBase(llvm::CallBase&) (/home/jf01/dev/Enzyme/build/Enzyme/LLVMEnzyme-21.so+0x65b258)
#12 0x000077d7a806cf55 TypeAnalyzer::visitValue(llvm::Value&) (/home/jf01/dev/Enzyme/build/Enzyme/LLVMEnzyme-21.so+0x66cf55)
#13 0x000077d7a806c73b TypeAnalyzer::run() (/home/jf01/dev/Enzyme/build/Enzyme/LLVMEnzyme-21.so+0x66c73b)
#14 0x000077d7a808792f TypeAnalysis::analyzeFunction(FnTypeInfo const&) (/home/jf01/dev/Enzyme/build/Enzyme/LLVMEnzyme-21.so+0x68792f)
#15 0x000077d7a7e43bc6 (anonymous namespace)::EnzymeBase::HandleAutoDiff(llvm::Instruction*, unsigned int, llvm::Value*, llvm::Type*, llvm::SmallVectorImpl<llvm::Value*>&, std::map<int, llvm::Type*, std::less<int>, std::allocator<std::pair<int const, llvm::Type*>>> const&, std::vector<DIFFE_TYPE, std::allocator<DIFFE_TYPE>> const&, llvm::Function*, DerivativeMode, (anonymous namespace)::EnzymeBase::Options&, bool, llvm::SmallVectorImpl<llvm::CallInst*>&) Enzyme.cpp:0:0
#16 0x000077d7a7e3df71 (anonymous namespace)::EnzymeBase::HandleAutoDiffArguments(llvm::CallInst*, DerivativeMode, bool, llvm::SmallVectorImpl<llvm::CallInst*>&) Enzyme.cpp:0:0
#17 0x000077d7a7e396c9 (anonymous namespace)::EnzymeBase::lowerEnzymeCalls(llvm::Function&, std::set<llvm::Function*, std::less<llvm::Function*>, std::allocator<llvm::Function*>>&) Enzyme.cpp:0:0
#18 0x000077d7a7e33f1c (anonymous namespace)::EnzymeBase::run(llvm::Module&) Enzyme.cpp:0:0
#19 0x000077d7a7e5eb60 llvm::detail::PassModel<llvm::Module, EnzymeNewPM, llvm::AnalysisManager<llvm::Module>>::run(llvm::Module&, llvm::AnalysisManager<llvm::Module>&) (/home/jf01/dev/Enzyme/build/Enzyme/LLVMEnzyme-21.so+0x45eb60)
#20 0x0000556df9d326dc llvm::PassManager<llvm::Module, llvm::AnalysisManager<llvm::Module>>::run(llvm::Module&, llvm::AnalysisManager<llvm::Module>&) (/home/jf01/dev/spack/opt/spack/linux-skylake/llvm-21.1.1-lddocxymon2rxfymqww7sdoupeseyudk/bin/opt+0x55666dc)
#21 0x0000556df54e4dbe llvm::runPassPipeline(llvm::StringRef, llvm::Module&, llvm::TargetMachine*, llvm::TargetLibraryInfoImpl*, llvm::ToolOutputFile*, llvm::ToolOutputFile*, llvm::ToolOutputFile*, llvm::StringRef, llvm::ArrayRef<llvm::PassPlugin>, llvm::ArrayRef<std::function<void (llvm::PassBuilder&)>>, llvm::opt_tool::OutputKind, llvm::opt_tool::VerifierKind, bool, bool, bool, bool, bool, bool, bool) (/home/jf01/dev/spack/opt/spack/linux-skylake/llvm-21.1.1-lddocxymon2rxfymqww7sdoupeseyudk/bin/opt+0xd18dbe)
#22 0x0000556df54d76d3 optMain (/home/jf01/dev/spack/opt/spack/linux-skylake/llvm-21.1.1-lddocxymon2rxfymqww7sdoupeseyudk/bin/opt+0xd0b6d3)
#23 0x000077d7a842a1ca __libc_start_call_main ./csu/../sysdeps/nptl/libc_start_call_main.h:74:3
#24 0x000077d7a842a28b call_init ./csu/../csu/libc-start.c:128:20
#25 0x000077d7a842a28b __libc_start_main ./csu/../csu/libc-start.c:347:5
#26 0x0000556df54cd1f5 _start (/home/jf01/dev/spack/opt/spack/linux-skylake/llvm-21.1.1-lddocxymon2rxfymqww7sdoupeseyudk/bin/opt+0xd011f5)
/home/jf01/dev/Enzyme/build/test/Fortran/ReverseMode/Output/allocatableArraySimple_with_bindings.f90.script: line 4: 397854 Done                    ifx -flto -O2 -c -I/home/jf01/dev/Enzyme/build/modules /home/jf01/dev/Enzyme/enzyme/test/Fortran/ReverseMode/allocatableArraySimple_with_bindings.f90 -o /dev/stdout
     397856 Aborted                 (core dumped) | /home/jf01/dev/spack/opt/spack/linux-skylake/llvm-21.1.1-lddocxymon2rxfymqww7sdoupeseyudk/bin/opt -load-pass-plugin=/home/jf01/dev/Enzyme/build/Enzyme/LLVMEnzyme-21.so -load=/home/jf01/dev/Enzyme/build/Enzyme/LLVMEnzyme-21.so --enzyme-attributor=0 -passes="enzyme" -o /dev/stdout
     397857                       | /home/jf01/dev/spack/opt/spack/linux-skylake/llvm-21.1.1-lddocxymon2rxfymqww7sdoupeseyudk/bin/opt -O2 -S -o /home/jf01/dev/Enzyme/build/test/Fortran/ReverseMode/Output/allocatableArraySimple_with_bindings.f90.tmp.ll

--

********************
Testing:  0.. 10.. 20.. 30.. 40.. 
FAIL: Enzyme :: Fortran/ReverseMode/allocatableArraySimple_with_explicit_interface.f90 (4 of 6)
******************** TEST 'Enzyme :: Fortran/ReverseMode/allocatableArraySimple_with_explicit_interface.f90' FAILED ********************
Exit Code: 134

Command Output (stderr):
--
RUN: at line 2: ifx -flto -O0 -c -I/home/jf01/dev/Enzyme/build/modules /home/jf01/dev/Enzyme/enzyme/test/Fortran/ReverseMode/allocatableArraySimple_with_explicit_interface.f90 -o /dev/stdout | /home/jf01/dev/spack/opt/spack/linux-skylake/llvm-21.1.1-lddocxymon2rxfymqww7sdoupeseyudk/bin/opt  -load-pass-plugin=/home/jf01/dev/Enzyme/build/Enzyme/LLVMEnzyme-21.so -load=/home/jf01/dev/Enzyme/build/Enzyme/LLVMEnzyme-21.so --enzyme-attributor=0 -passes="enzyme" -o /dev/stdout | /home/jf01/dev/spack/opt/spack/linux-skylake/llvm-21.1.1-lddocxymon2rxfymqww7sdoupeseyudk/bin/opt -O0 -S -o /home/jf01/dev/Enzyme/build/test/Fortran/ReverseMode/Output/allocatableArraySimple_with_explicit_interface.f90.tmp.ll && ifx -flto -O0 /home/jf01/dev/Enzyme/build/test/Fortran/ReverseMode/Output/allocatableArraySimple_with_explicit_interface.f90.tmp.ll -o /home/jf01/dev/Enzyme/build/test/Fortran/ReverseMode/Output/allocatableArraySimple_with_explicit_interface.f90.tmp1 && /home/jf01/dev/Enzyme/build/test/Fortran/ReverseMode/Output/allocatableArraySimple_with_explicit_interface.f90.tmp1 | FileCheck /home/jf01/dev/Enzyme/enzyme/test/Fortran/ReverseMode/allocatableArraySimple_with_explicit_interface.f90
+ ifx -flto -O0 -c -I/home/jf01/dev/Enzyme/build/modules /home/jf01/dev/Enzyme/enzyme/test/Fortran/ReverseMode/allocatableArraySimple_with_explicit_interface.f90 -o /dev/stdout
+ /home/jf01/dev/spack/opt/spack/linux-skylake/llvm-21.1.1-lddocxymon2rxfymqww7sdoupeseyudk/bin/opt -load-pass-plugin=/home/jf01/dev/Enzyme/build/Enzyme/LLVMEnzyme-21.so -load=/home/jf01/dev/Enzyme/build/Enzyme/LLVMEnzyme-21.so --enzyme-attributor=0 -passes=enzyme -o /dev/stdout
+ /home/jf01/dev/spack/opt/spack/linux-skylake/llvm-21.1.1-lddocxymon2rxfymqww7sdoupeseyudk/bin/opt -O0 -S -o /home/jf01/dev/Enzyme/build/test/Fortran/ReverseMode/Output/allocatableArraySimple_with_explicit_interface.f90.tmp.ll
+ ifx -flto -O0 /home/jf01/dev/Enzyme/build/test/Fortran/ReverseMode/Output/allocatableArraySimple_with_explicit_interface.f90.tmp.ll -o /home/jf01/dev/Enzyme/build/test/Fortran/ReverseMode/Output/allocatableArraySimple_with_explicit_interface.f90.tmp1
+ FileCheck /home/jf01/dev/Enzyme/enzyme/test/Fortran/ReverseMode/allocatableArraySimple_with_explicit_interface.f90
+ /home/jf01/dev/Enzyme/build/test/Fortran/ReverseMode/Output/allocatableArraySimple_with_explicit_interface.f90.tmp1
RUN: at line 3: ifx -flto -O1 -c -I/home/jf01/dev/Enzyme/build/modules /home/jf01/dev/Enzyme/enzyme/test/Fortran/ReverseMode/allocatableArraySimple_with_explicit_interface.f90 -o /dev/stdout | /home/jf01/dev/spack/opt/spack/linux-skylake/llvm-21.1.1-lddocxymon2rxfymqww7sdoupeseyudk/bin/opt  -load-pass-plugin=/home/jf01/dev/Enzyme/build/Enzyme/LLVMEnzyme-21.so -load=/home/jf01/dev/Enzyme/build/Enzyme/LLVMEnzyme-21.so --enzyme-attributor=0 -passes="enzyme" -o /dev/stdout | /home/jf01/dev/spack/opt/spack/linux-skylake/llvm-21.1.1-lddocxymon2rxfymqww7sdoupeseyudk/bin/opt -O1 -S -o /home/jf01/dev/Enzyme/build/test/Fortran/ReverseMode/Output/allocatableArraySimple_with_explicit_interface.f90.tmp.ll && ifx -flto -O1 /home/jf01/dev/Enzyme/build/test/Fortran/ReverseMode/Output/allocatableArraySimple_with_explicit_interface.f90.tmp.ll -o /home/jf01/dev/Enzyme/build/test/Fortran/ReverseMode/Output/allocatableArraySimple_with_explicit_interface.f90.tmp1 && /home/jf01/dev/Enzyme/build/test/Fortran/ReverseMode/Output/allocatableArraySimple_with_explicit_interface.f90.tmp1 | FileCheck /home/jf01/dev/Enzyme/enzyme/test/Fortran/ReverseMode/allocatableArraySimple_with_explicit_interface.f90
+ ifx -flto -O1 -c -I/home/jf01/dev/Enzyme/build/modules /home/jf01/dev/Enzyme/enzyme/test/Fortran/ReverseMode/allocatableArraySimple_with_explicit_interface.f90 -o /dev/stdout
+ /home/jf01/dev/spack/opt/spack/linux-skylake/llvm-21.1.1-lddocxymon2rxfymqww7sdoupeseyudk/bin/opt -load-pass-plugin=/home/jf01/dev/Enzyme/build/Enzyme/LLVMEnzyme-21.so -load=/home/jf01/dev/Enzyme/build/Enzyme/LLVMEnzyme-21.so --enzyme-attributor=0 -passes=enzyme -o /dev/stdout
+ /home/jf01/dev/spack/opt/spack/linux-skylake/llvm-21.1.1-lddocxymon2rxfymqww7sdoupeseyudk/bin/opt -O1 -S -o /home/jf01/dev/Enzyme/build/test/Fortran/ReverseMode/Output/allocatableArraySimple_with_explicit_interface.f90.tmp.ll
+ ifx -flto -O1 /home/jf01/dev/Enzyme/build/test/Fortran/ReverseMode/Output/allocatableArraySimple_with_explicit_interface.f90.tmp.ll -o /home/jf01/dev/Enzyme/build/test/Fortran/ReverseMode/Output/allocatableArraySimple_with_explicit_interface.f90.tmp1
+ /home/jf01/dev/Enzyme/build/test/Fortran/ReverseMode/Output/allocatableArraySimple_with_explicit_interface.f90.tmp1
+ FileCheck /home/jf01/dev/Enzyme/enzyme/test/Fortran/ReverseMode/allocatableArraySimple_with_explicit_interface.f90
RUN: at line 4: ifx -flto -O2 -c -I/home/jf01/dev/Enzyme/build/modules /home/jf01/dev/Enzyme/enzyme/test/Fortran/ReverseMode/allocatableArraySimple_with_explicit_interface.f90 -o /dev/stdout | /home/jf01/dev/spack/opt/spack/linux-skylake/llvm-21.1.1-lddocxymon2rxfymqww7sdoupeseyudk/bin/opt  -load-pass-plugin=/home/jf01/dev/Enzyme/build/Enzyme/LLVMEnzyme-21.so -load=/home/jf01/dev/Enzyme/build/Enzyme/LLVMEnzyme-21.so --enzyme-attributor=0 -passes="enzyme" -o /dev/stdout | /home/jf01/dev/spack/opt/spack/linux-skylake/llvm-21.1.1-lddocxymon2rxfymqww7sdoupeseyudk/bin/opt -O2 -S -o /home/jf01/dev/Enzyme/build/test/Fortran/ReverseMode/Output/allocatableArraySimple_with_explicit_interface.f90.tmp.ll && ifx -flto -O2 /home/jf01/dev/Enzyme/build/test/Fortran/ReverseMode/Output/allocatableArraySimple_with_explicit_interface.f90.tmp.ll -o /home/jf01/dev/Enzyme/build/test/Fortran/ReverseMode/Output/allocatableArraySimple_with_explicit_interface.f90.tmp1 && /home/jf01/dev/Enzyme/build/test/Fortran/ReverseMode/Output/allocatableArraySimple_with_explicit_interface.f90.tmp1 | FileCheck /home/jf01/dev/Enzyme/enzyme/test/Fortran/ReverseMode/allocatableArraySimple_with_explicit_interface.f90
+ ifx -flto -O2 -c -I/home/jf01/dev/Enzyme/build/modules /home/jf01/dev/Enzyme/enzyme/test/Fortran/ReverseMode/allocatableArraySimple_with_explicit_interface.f90 -o /dev/stdout
+ /home/jf01/dev/spack/opt/spack/linux-skylake/llvm-21.1.1-lddocxymon2rxfymqww7sdoupeseyudk/bin/opt -load-pass-plugin=/home/jf01/dev/Enzyme/build/Enzyme/LLVMEnzyme-21.so -load=/home/jf01/dev/Enzyme/build/Enzyme/LLVMEnzyme-21.so --enzyme-attributor=0 -passes=enzyme -o /dev/stdout
+ /home/jf01/dev/spack/opt/spack/linux-skylake/llvm-21.1.1-lddocxymon2rxfymqww7sdoupeseyudk/bin/opt -O2 -S -o /home/jf01/dev/Enzyme/build/test/Fortran/ReverseMode/Output/allocatableArraySimple_with_explicit_interface.f90.tmp.ll
opt: /home/jf01/dev/Enzyme/enzyme/Enzyme/TypeAnalysis/TypeAnalysis.cpp:4535: void analyzeIntelSubscriptIntrinsic(IntrinsicInst &, TypeAnalyzer &): Assertion `II.arg_size() == 5' failed.
PLEASE submit a bug report to https://github.com/llvm/llvm-project/issues/ and include the crash backtrace.
Stack dump:
0.	Program arguments: /home/jf01/dev/spack/opt/spack/linux-skylake/llvm-21.1.1-lddocxymon2rxfymqww7sdoupeseyudk/bin/opt -load-pass-plugin=/home/jf01/dev/Enzyme/build/Enzyme/LLVMEnzyme-21.so -load=/home/jf01/dev/Enzyme/build/Enzyme/LLVMEnzyme-21.so --enzyme-attributor=0 -passes=enzyme -o /dev/stdout
1.	Running pass "EnzymeNewPM" on module "<stdin>"
 #0 0x000064c89c213055 llvm::sys::PrintStackTrace(llvm::raw_ostream&, int) (/home/jf01/dev/spack/opt/spack/linux-skylake/llvm-21.1.1-lddocxymon2rxfymqww7sdoupeseyudk/bin/opt+0x57a6055)
 #1 0x000064c89c20f862 SignalHandler(int, siginfo_t*, void*) Signals.cpp:0:0
 #2 0x00007f674d845330 (/lib/x86_64-linux-gnu/libc.so.6+0x45330)
 #3 0x00007f674d89eb2c __pthread_kill_implementation ./nptl/pthread_kill.c:44:76
 #4 0x00007f674d89eb2c __pthread_kill_internal ./nptl/pthread_kill.c:78:10
 #5 0x00007f674d89eb2c pthread_kill ./nptl/pthread_kill.c:89:10
 #6 0x00007f674d84527e raise ./signal/../sysdeps/posix/raise.c:27:6
 #7 0x00007f674d8288ff abort ./stdlib/abort.c:81:7
 #8 0x00007f674d82881b _nl_load_domain ./intl/loadmsgcat.c:1177:9
 #9 0x00007f674d83b517 (/lib/x86_64-linux-gnu/libc.so.6+0x3b517)
#10 0x00007f674d4870a2 analyzeIntelSubscriptIntrinsic(llvm::IntrinsicInst&, TypeAnalyzer&) (/home/jf01/dev/Enzyme/build/Enzyme/LLVMEnzyme-21.so+0x6870a2)
#11 0x00007f674d45b258 TypeAnalyzer::visitCallBase(llvm::CallBase&) (/home/jf01/dev/Enzyme/build/Enzyme/LLVMEnzyme-21.so+0x65b258)
#12 0x00007f674d46cf55 TypeAnalyzer::visitValue(llvm::Value&) (/home/jf01/dev/Enzyme/build/Enzyme/LLVMEnzyme-21.so+0x66cf55)
#13 0x00007f674d46c73b TypeAnalyzer::run() (/home/jf01/dev/Enzyme/build/Enzyme/LLVMEnzyme-21.so+0x66c73b)
#14 0x00007f674d48792f TypeAnalysis::analyzeFunction(FnTypeInfo const&) (/home/jf01/dev/Enzyme/build/Enzyme/LLVMEnzyme-21.so+0x68792f)
#15 0x00007f674d243bc6 (anonymous namespace)::EnzymeBase::HandleAutoDiff(llvm::Instruction*, unsigned int, llvm::Value*, llvm::Type*, llvm::SmallVectorImpl<llvm::Value*>&, std::map<int, llvm::Type*, std::less<int>, std::allocator<std::pair<int const, llvm::Type*>>> const&, std::vector<DIFFE_TYPE, std::allocator<DIFFE_TYPE>> const&, llvm::Function*, DerivativeMode, (anonymous namespace)::EnzymeBase::Options&, bool, llvm::SmallVectorImpl<llvm::CallInst*>&) Enzyme.cpp:0:0
#16 0x00007f674d23df71 (anonymous namespace)::EnzymeBase::HandleAutoDiffArguments(llvm::CallInst*, DerivativeMode, bool, llvm::SmallVectorImpl<llvm::CallInst*>&) Enzyme.cpp:0:0
#17 0x00007f674d2396c9 (anonymous namespace)::EnzymeBase::lowerEnzymeCalls(llvm::Function&, std::set<llvm::Function*, std::less<llvm::Function*>, std::allocator<llvm::Function*>>&) Enzyme.cpp:0:0
#18 0x00007f674d233f1c (anonymous namespace)::EnzymeBase::run(llvm::Module&) Enzyme.cpp:0:0
#19 0x00007f674d25eb60 llvm::detail::PassModel<llvm::Module, EnzymeNewPM, llvm::AnalysisManager<llvm::Module>>::run(llvm::Module&, llvm::AnalysisManager<llvm::Module>&) (/home/jf01/dev/Enzyme/build/Enzyme/LLVMEnzyme-21.so+0x45eb60)
#20 0x000064c89bfd36dc llvm::PassManager<llvm::Module, llvm::AnalysisManager<llvm::Module>>::run(llvm::Module&, llvm::AnalysisManager<llvm::Module>&) (/home/jf01/dev/spack/opt/spack/linux-skylake/llvm-21.1.1-lddocxymon2rxfymqww7sdoupeseyudk/bin/opt+0x55666dc)
#21 0x000064c897785dbe llvm::runPassPipeline(llvm::StringRef, llvm::Module&, llvm::TargetMachine*, llvm::TargetLibraryInfoImpl*, llvm::ToolOutputFile*, llvm::ToolOutputFile*, llvm::ToolOutputFile*, llvm::StringRef, llvm::ArrayRef<llvm::PassPlugin>, llvm::ArrayRef<std::function<void (llvm::PassBuilder&)>>, llvm::opt_tool::OutputKind, llvm::opt_tool::VerifierKind, bool, bool, bool, bool, bool, bool, bool) (/home/jf01/dev/spack/opt/spack/linux-skylake/llvm-21.1.1-lddocxymon2rxfymqww7sdoupeseyudk/bin/opt+0xd18dbe)
#22 0x000064c8977786d3 optMain (/home/jf01/dev/spack/opt/spack/linux-skylake/llvm-21.1.1-lddocxymon2rxfymqww7sdoupeseyudk/bin/opt+0xd0b6d3)
#23 0x00007f674d82a1ca __libc_start_call_main ./csu/../sysdeps/nptl/libc_start_call_main.h:74:3
#24 0x00007f674d82a28b call_init ./csu/../csu/libc-start.c:128:20
#25 0x00007f674d82a28b __libc_start_main ./csu/../csu/libc-start.c:347:5
#26 0x000064c89776e1f5 _start (/home/jf01/dev/spack/opt/spack/linux-skylake/llvm-21.1.1-lddocxymon2rxfymqww7sdoupeseyudk/bin/opt+0xd011f5)
/home/jf01/dev/Enzyme/build/test/Fortran/ReverseMode/Output/allocatableArraySimple_with_explicit_interface.f90.script: line 4: 397940 Done                    ifx -flto -O2 -c -I/home/jf01/dev/Enzyme/build/modules /home/jf01/dev/Enzyme/enzyme/test/Fortran/ReverseMode/allocatableArraySimple_with_explicit_interface.f90 -o /dev/stdout
     397941 Aborted                 (core dumped) | /home/jf01/dev/spack/opt/spack/linux-skylake/llvm-21.1.1-lddocxymon2rxfymqww7sdoupeseyudk/bin/opt -load-pass-plugin=/home/jf01/dev/Enzyme/build/Enzyme/LLVMEnzyme-21.so -load=/home/jf01/dev/Enzyme/build/Enzyme/LLVMEnzyme-21.so --enzyme-attributor=0 -passes="enzyme" -o /dev/stdout
     397942                       | /home/jf01/dev/spack/opt/spack/linux-skylake/llvm-21.1.1-lddocxymon2rxfymqww7sdoupeseyudk/bin/opt -O2 -S -o /home/jf01/dev/Enzyme/build/test/Fortran/ReverseMode/Output/allocatableArraySimple_with_explicit_interface.f90.tmp.ll

--

********************
Testing:  0.. 10.. 20.. 30.. 40.. 50.. 60.
FAIL: Enzyme :: Fortran/ForwardMode/allocatableArraySimple_with_explicit_interface.f90 (5 of 6)
******************** TEST 'Enzyme :: Fortran/ForwardMode/allocatableArraySimple_with_explicit_interface.f90' FAILED ********************
Exit Code: 134

Command Output (stderr):
--
RUN: at line 2: ifx -flto -O0 -c -I/home/jf01/dev/Enzyme/build/modules /home/jf01/dev/Enzyme/enzyme/test/Fortran/ForwardMode/allocatableArraySimple_with_explicit_interface.f90 -o /dev/stdout | /home/jf01/dev/spack/opt/spack/linux-skylake/llvm-21.1.1-lddocxymon2rxfymqww7sdoupeseyudk/bin/opt  -load-pass-plugin=/home/jf01/dev/Enzyme/build/Enzyme/LLVMEnzyme-21.so -load=/home/jf01/dev/Enzyme/build/Enzyme/LLVMEnzyme-21.so --enzyme-attributor=0 -passes="enzyme" -o /dev/stdout | /home/jf01/dev/spack/opt/spack/linux-skylake/llvm-21.1.1-lddocxymon2rxfymqww7sdoupeseyudk/bin/opt -O0 -S -o /home/jf01/dev/Enzyme/build/test/Fortran/ForwardMode/Output/allocatableArraySimple_with_explicit_interface.f90.tmp.ll && ifx -flto -O0 /home/jf01/dev/Enzyme/build/test/Fortran/ForwardMode/Output/allocatableArraySimple_with_explicit_interface.f90.tmp.ll -o /home/jf01/dev/Enzyme/build/test/Fortran/ForwardMode/Output/allocatableArraySimple_with_explicit_interface.f90.tmp1 && /home/jf01/dev/Enzyme/build/test/Fortran/ForwardMode/Output/allocatableArraySimple_with_explicit_interface.f90.tmp1 | FileCheck /home/jf01/dev/Enzyme/enzyme/test/Fortran/ForwardMode/allocatableArraySimple_with_explicit_interface.f90
+ ifx -flto -O0 -c -I/home/jf01/dev/Enzyme/build/modules /home/jf01/dev/Enzyme/enzyme/test/Fortran/ForwardMode/allocatableArraySimple_with_explicit_interface.f90 -o /dev/stdout
+ /home/jf01/dev/spack/opt/spack/linux-skylake/llvm-21.1.1-lddocxymon2rxfymqww7sdoupeseyudk/bin/opt -load-pass-plugin=/home/jf01/dev/Enzyme/build/Enzyme/LLVMEnzyme-21.so -load=/home/jf01/dev/Enzyme/build/Enzyme/LLVMEnzyme-21.so --enzyme-attributor=0 -passes=enzyme -o /dev/stdout
+ /home/jf01/dev/spack/opt/spack/linux-skylake/llvm-21.1.1-lddocxymon2rxfymqww7sdoupeseyudk/bin/opt -O0 -S -o /home/jf01/dev/Enzyme/build/test/Fortran/ForwardMode/Output/allocatableArraySimple_with_explicit_interface.f90.tmp.ll
+ ifx -flto -O0 /home/jf01/dev/Enzyme/build/test/Fortran/ForwardMode/Output/allocatableArraySimple_with_explicit_interface.f90.tmp.ll -o /home/jf01/dev/Enzyme/build/test/Fortran/ForwardMode/Output/allocatableArraySimple_with_explicit_interface.f90.tmp1
+ /home/jf01/dev/Enzyme/build/test/Fortran/ForwardMode/Output/allocatableArraySimple_with_explicit_interface.f90.tmp1
+ FileCheck /home/jf01/dev/Enzyme/enzyme/test/Fortran/ForwardMode/allocatableArraySimple_with_explicit_interface.f90
RUN: at line 3: ifx -flto -O1 -c -I/home/jf01/dev/Enzyme/build/modules /home/jf01/dev/Enzyme/enzyme/test/Fortran/ForwardMode/allocatableArraySimple_with_explicit_interface.f90 -o /dev/stdout | /home/jf01/dev/spack/opt/spack/linux-skylake/llvm-21.1.1-lddocxymon2rxfymqww7sdoupeseyudk/bin/opt  -load-pass-plugin=/home/jf01/dev/Enzyme/build/Enzyme/LLVMEnzyme-21.so -load=/home/jf01/dev/Enzyme/build/Enzyme/LLVMEnzyme-21.so --enzyme-attributor=0 -passes="enzyme" -o /dev/stdout | /home/jf01/dev/spack/opt/spack/linux-skylake/llvm-21.1.1-lddocxymon2rxfymqww7sdoupeseyudk/bin/opt -O1 -S -o /home/jf01/dev/Enzyme/build/test/Fortran/ForwardMode/Output/allocatableArraySimple_with_explicit_interface.f90.tmp.ll && ifx -flto -O1 /home/jf01/dev/Enzyme/build/test/Fortran/ForwardMode/Output/allocatableArraySimple_with_explicit_interface.f90.tmp.ll -o /home/jf01/dev/Enzyme/build/test/Fortran/ForwardMode/Output/allocatableArraySimple_with_explicit_interface.f90.tmp1 && /home/jf01/dev/Enzyme/build/test/Fortran/ForwardMode/Output/allocatableArraySimple_with_explicit_interface.f90.tmp1 | FileCheck /home/jf01/dev/Enzyme/enzyme/test/Fortran/ForwardMode/allocatableArraySimple_with_explicit_interface.f90
+ ifx -flto -O1 -c -I/home/jf01/dev/Enzyme/build/modules /home/jf01/dev/Enzyme/enzyme/test/Fortran/ForwardMode/allocatableArraySimple_with_explicit_interface.f90 -o /dev/stdout
+ /home/jf01/dev/spack/opt/spack/linux-skylake/llvm-21.1.1-lddocxymon2rxfymqww7sdoupeseyudk/bin/opt -load-pass-plugin=/home/jf01/dev/Enzyme/build/Enzyme/LLVMEnzyme-21.so -load=/home/jf01/dev/Enzyme/build/Enzyme/LLVMEnzyme-21.so --enzyme-attributor=0 -passes=enzyme -o /dev/stdout
+ /home/jf01/dev/spack/opt/spack/linux-skylake/llvm-21.1.1-lddocxymon2rxfymqww7sdoupeseyudk/bin/opt -O1 -S -o /home/jf01/dev/Enzyme/build/test/Fortran/ForwardMode/Output/allocatableArraySimple_with_explicit_interface.f90.tmp.ll
+ ifx -flto -O1 /home/jf01/dev/Enzyme/build/test/Fortran/ForwardMode/Output/allocatableArraySimple_with_explicit_interface.f90.tmp.ll -o /home/jf01/dev/Enzyme/build/test/Fortran/ForwardMode/Output/allocatableArraySimple_with_explicit_interface.f90.tmp1
+ /home/jf01/dev/Enzyme/build/test/Fortran/ForwardMode/Output/allocatableArraySimple_with_explicit_interface.f90.tmp1
+ FileCheck /home/jf01/dev/Enzyme/enzyme/test/Fortran/ForwardMode/allocatableArraySimple_with_explicit_interface.f90
RUN: at line 4: ifx -flto -O2 -c -I/home/jf01/dev/Enzyme/build/modules /home/jf01/dev/Enzyme/enzyme/test/Fortran/ForwardMode/allocatableArraySimple_with_explicit_interface.f90 -o /dev/stdout | /home/jf01/dev/spack/opt/spack/linux-skylake/llvm-21.1.1-lddocxymon2rxfymqww7sdoupeseyudk/bin/opt  -load-pass-plugin=/home/jf01/dev/Enzyme/build/Enzyme/LLVMEnzyme-21.so -load=/home/jf01/dev/Enzyme/build/Enzyme/LLVMEnzyme-21.so --enzyme-attributor=0 -passes="enzyme" -o /dev/stdout | /home/jf01/dev/spack/opt/spack/linux-skylake/llvm-21.1.1-lddocxymon2rxfymqww7sdoupeseyudk/bin/opt -O2 -S -o /home/jf01/dev/Enzyme/build/test/Fortran/ForwardMode/Output/allocatableArraySimple_with_explicit_interface.f90.tmp.ll && ifx -flto -O2 /home/jf01/dev/Enzyme/build/test/Fortran/ForwardMode/Output/allocatableArraySimple_with_explicit_interface.f90.tmp.ll -o /home/jf01/dev/Enzyme/build/test/Fortran/ForwardMode/Output/allocatableArraySimple_with_explicit_interface.f90.tmp1 && /home/jf01/dev/Enzyme/build/test/Fortran/ForwardMode/Output/allocatableArraySimple_with_explicit_interface.f90.tmp1 | FileCheck /home/jf01/dev/Enzyme/enzyme/test/Fortran/ForwardMode/allocatableArraySimple_with_explicit_interface.f90
+ ifx -flto -O2 -c -I/home/jf01/dev/Enzyme/build/modules /home/jf01/dev/Enzyme/enzyme/test/Fortran/ForwardMode/allocatableArraySimple_with_explicit_interface.f90 -o /dev/stdout
+ /home/jf01/dev/spack/opt/spack/linux-skylake/llvm-21.1.1-lddocxymon2rxfymqww7sdoupeseyudk/bin/opt -load-pass-plugin=/home/jf01/dev/Enzyme/build/Enzyme/LLVMEnzyme-21.so -load=/home/jf01/dev/Enzyme/build/Enzyme/LLVMEnzyme-21.so --enzyme-attributor=0 -passes=enzyme -o /dev/stdout
+ /home/jf01/dev/spack/opt/spack/linux-skylake/llvm-21.1.1-lddocxymon2rxfymqww7sdoupeseyudk/bin/opt -O2 -S -o /home/jf01/dev/Enzyme/build/test/Fortran/ForwardMode/Output/allocatableArraySimple_with_explicit_interface.f90.tmp.ll
opt: /home/jf01/dev/Enzyme/enzyme/Enzyme/TypeAnalysis/TypeAnalysis.cpp:4535: void analyzeIntelSubscriptIntrinsic(IntrinsicInst &, TypeAnalyzer &): Assertion `II.arg_size() == 5' failed.
PLEASE submit a bug report to https://github.com/llvm/llvm-project/issues/ and include the crash backtrace.
Stack dump:
0.	Program arguments: /home/jf01/dev/spack/opt/spack/linux-skylake/llvm-21.1.1-lddocxymon2rxfymqww7sdoupeseyudk/bin/opt -load-pass-plugin=/home/jf01/dev/Enzyme/build/Enzyme/LLVMEnzyme-21.so -load=/home/jf01/dev/Enzyme/build/Enzyme/LLVMEnzyme-21.so --enzyme-attributor=0 -passes=enzyme -o /dev/stdout
1.	Running pass "EnzymeNewPM" on module "<stdin>"
 #0 0x00005ff3b0a15055 llvm::sys::PrintStackTrace(llvm::raw_ostream&, int) (/home/jf01/dev/spack/opt/spack/linux-skylake/llvm-21.1.1-lddocxymon2rxfymqww7sdoupeseyudk/bin/opt+0x57a6055)
 #1 0x00005ff3b0a11862 SignalHandler(int, siginfo_t*, void*) Signals.cpp:0:0
 #2 0x0000791473845330 (/lib/x86_64-linux-gnu/libc.so.6+0x45330)
 #3 0x000079147389eb2c __pthread_kill_implementation ./nptl/pthread_kill.c:44:76
 #4 0x000079147389eb2c __pthread_kill_internal ./nptl/pthread_kill.c:78:10
 #5 0x000079147389eb2c pthread_kill ./nptl/pthread_kill.c:89:10
 #6 0x000079147384527e raise ./signal/../sysdeps/posix/raise.c:27:6
 #7 0x00007914738288ff abort ./stdlib/abort.c:81:7
 #8 0x000079147382881b _nl_load_domain ./intl/loadmsgcat.c:1177:9
 #9 0x000079147383b517 (/lib/x86_64-linux-gnu/libc.so.6+0x3b517)
#10 0x00007914734870a2 analyzeIntelSubscriptIntrinsic(llvm::IntrinsicInst&, TypeAnalyzer&) (/home/jf01/dev/Enzyme/build/Enzyme/LLVMEnzyme-21.so+0x6870a2)
#11 0x000079147345b258 TypeAnalyzer::visitCallBase(llvm::CallBase&) (/home/jf01/dev/Enzyme/build/Enzyme/LLVMEnzyme-21.so+0x65b258)
#12 0x000079147346cf55 TypeAnalyzer::visitValue(llvm::Value&) (/home/jf01/dev/Enzyme/build/Enzyme/LLVMEnzyme-21.so+0x66cf55)
#13 0x000079147346c73b TypeAnalyzer::run() (/home/jf01/dev/Enzyme/build/Enzyme/LLVMEnzyme-21.so+0x66c73b)
#14 0x000079147348792f TypeAnalysis::analyzeFunction(FnTypeInfo const&) (/home/jf01/dev/Enzyme/build/Enzyme/LLVMEnzyme-21.so+0x68792f)
#15 0x0000791473243bc6 (anonymous namespace)::EnzymeBase::HandleAutoDiff(llvm::Instruction*, unsigned int, llvm::Value*, llvm::Type*, llvm::SmallVectorImpl<llvm::Value*>&, std::map<int, llvm::Type*, std::less<int>, std::allocator<std::pair<int const, llvm::Type*>>> const&, std::vector<DIFFE_TYPE, std::allocator<DIFFE_TYPE>> const&, llvm::Function*, DerivativeMode, (anonymous namespace)::EnzymeBase::Options&, bool, llvm::SmallVectorImpl<llvm::CallInst*>&) Enzyme.cpp:0:0
#16 0x000079147323df71 (anonymous namespace)::EnzymeBase::HandleAutoDiffArguments(llvm::CallInst*, DerivativeMode, bool, llvm::SmallVectorImpl<llvm::CallInst*>&) Enzyme.cpp:0:0
#17 0x00007914732396c9 (anonymous namespace)::EnzymeBase::lowerEnzymeCalls(llvm::Function&, std::set<llvm::Function*, std::less<llvm::Function*>, std::allocator<llvm::Function*>>&) Enzyme.cpp:0:0
#18 0x0000791473233f1c (anonymous namespace)::EnzymeBase::run(llvm::Module&) Enzyme.cpp:0:0
#19 0x000079147325eb60 llvm::detail::PassModel<llvm::Module, EnzymeNewPM, llvm::AnalysisManager<llvm::Module>>::run(llvm::Module&, llvm::AnalysisManager<llvm::Module>&) (/home/jf01/dev/Enzyme/build/Enzyme/LLVMEnzyme-21.so+0x45eb60)
#20 0x00005ff3b07d56dc llvm::PassManager<llvm::Module, llvm::AnalysisManager<llvm::Module>>::run(llvm::Module&, llvm::AnalysisManager<llvm::Module>&) (/home/jf01/dev/spack/opt/spack/linux-skylake/llvm-21.1.1-lddocxymon2rxfymqww7sdoupeseyudk/bin/opt+0x55666dc)
#21 0x00005ff3abf87dbe llvm::runPassPipeline(llvm::StringRef, llvm::Module&, llvm::TargetMachine*, llvm::TargetLibraryInfoImpl*, llvm::ToolOutputFile*, llvm::ToolOutputFile*, llvm::ToolOutputFile*, llvm::StringRef, llvm::ArrayRef<llvm::PassPlugin>, llvm::ArrayRef<std::function<void (llvm::PassBuilder&)>>, llvm::opt_tool::OutputKind, llvm::opt_tool::VerifierKind, bool, bool, bool, bool, bool, bool, bool) (/home/jf01/dev/spack/opt/spack/linux-skylake/llvm-21.1.1-lddocxymon2rxfymqww7sdoupeseyudk/bin/opt+0xd18dbe)
#22 0x00005ff3abf7a6d3 optMain (/home/jf01/dev/spack/opt/spack/linux-skylake/llvm-21.1.1-lddocxymon2rxfymqww7sdoupeseyudk/bin/opt+0xd0b6d3)
#23 0x000079147382a1ca __libc_start_call_main ./csu/../sysdeps/nptl/libc_start_call_main.h:74:3
#24 0x000079147382a28b call_init ./csu/../csu/libc-start.c:128:20
#25 0x000079147382a28b __libc_start_main ./csu/../csu/libc-start.c:347:5
#26 0x00005ff3abf701f5 _start (/home/jf01/dev/spack/opt/spack/linux-skylake/llvm-21.1.1-lddocxymon2rxfymqww7sdoupeseyudk/bin/opt+0xd011f5)
/home/jf01/dev/Enzyme/build/test/Fortran/ForwardMode/Output/allocatableArraySimple_with_explicit_interface.f90.script: line 4: 397956 Done                    ifx -flto -O2 -c -I/home/jf01/dev/Enzyme/build/modules /home/jf01/dev/Enzyme/enzyme/test/Fortran/ForwardMode/allocatableArraySimple_with_explicit_interface.f90 -o /dev/stdout
     397957 Aborted                 (core dumped) | /home/jf01/dev/spack/opt/spack/linux-skylake/llvm-21.1.1-lddocxymon2rxfymqww7sdoupeseyudk/bin/opt -load-pass-plugin=/home/jf01/dev/Enzyme/build/Enzyme/LLVMEnzyme-21.so -load=/home/jf01/dev/Enzyme/build/Enzyme/LLVMEnzyme-21.so --enzyme-attributor=0 -passes="enzyme" -o /dev/stdout
     397958                       | /home/jf01/dev/spack/opt/spack/linux-skylake/llvm-21.1.1-lddocxymon2rxfymqww7sdoupeseyudk/bin/opt -O2 -S -o /home/jf01/dev/Enzyme/build/test/Fortran/ForwardMode/Output/allocatableArraySimple_with_explicit_interface.f90.tmp.ll

--

********************
Testing:  0.. 10.. 20.. 30.. 40.. 50.. 60.. 70.. 80.. 90.. 
********************
Failed Tests (4):
  Enzyme :: Fortran/ForwardMode/allocatableArraySimple_with_bindings.f90
  Enzyme :: Fortran/ForwardMode/allocatableArraySimple_with_explicit_interface.f90
  Enzyme :: Fortran/ReverseMode/allocatableArraySimple_with_bindings.f90
  Enzyme :: Fortran/ReverseMode/allocatableArraySimple_with_explicit_interface.f90


Testing Time: 0.62s

Total Discovered Tests: 6
  Passed: 2 (33.33%)
  Failed: 4 (66.67%)
FAILED: test/Fortran/CMakeFiles/check-enzyme-fortran /home/jf01/dev/Enzyme/build/test/Fortran/CMakeFiles/check-enzyme-fortran 
cd /home/jf01/dev/Enzyme/build/test/Fortran && /home/jf01/miniconda3/bin/lit -v -sv /home/jf01/dev/Enzyme/build/test/Fortran
ninja: build stopped: subcommand failed.
